host_epoch,side,timestamp_us,sample_age_us,zone_01_g,zone_02_g,zone_03_g,zone_04_g,zone_05_g,zone_06_g,zone_07_g,zone_08_g,zone_09_g,zone_10_g,zone_11_g,zone_12_g,zone_13_g,zone_14_g,zone_15_g,zone_16_g,zone_17_g,zone_18_g,pressure_valid,cop_valid,tau_proxy_valid,intent_unload_request,raw_fault_flags,hl_fault_flags,p_total,p_fore,p_arch,p_heel,p_medial,p_lateral,fz_n,cop_x_mm,cop_y_mm,cop_ap_norm,cop_ml_norm,cop_ap_dot_norm_s,cop_ml_dot_norm_s,stance_phase,tau_proxy_nm,gait_state,motion_state,motion_intent,intent_confidence,insole_heel_strike,insole_toe_off,insole_heel_strike_timestamp_us,insole_toe_off_timestamp_us
1779334255.394176,left,41890074,64151,0,0,4955,1546,0,0,0,0,4122,1331,0,0,0,0,924,1579,480,0,1,1,1,0,3,35,15238.58984375,6596.98681640625,5629.73193359375,3011.87060546875,15238.58984375,9.577729720433581e-09,149.43951416015625,55.16477966308594,76.02867889404297,0.18257558345794678,-0.3858756721019745,0.0006741767865605652,0.0031075854785740376,1.0,0.020292632281780243,3,1,1,1.0,0,0,9130760,0
1779334255.410177,left,41998080,164,0,0,4883,1527,0,0,0,0,0,0,913,0,4074,1332,0,1568,492,0,1,1,1,0,3,35,15133.033203125,6563.3916015625,5567.8759765625,3001.765869140625,15133.033203125,6.2255245403264325e-09,148.40435791015625,55.15049743652344,76.10087585449219,0.18291053175926208,-0.385516881942749,0.003101200796663761,0.0033219465985894203,1.0,0.022772785276174545,3,1,1,1.0,0,0,9130760,0
1779334255.469676,left,42050077,166,0,0,4847,1516,0,0,0,0,4045,1305,0,0,0,0,912,1555,479,0,1,1,1,0,0,32,14988.4716796875,6509.70458984375,5491.619140625,2987.14794921875,14988.4716796875,4.046591062234484e-09,146.9866943359375,55.14211654663086,76.19902801513672,0.18336595594882965,-0.38530629873275757,0.008758663199841976,0.004049910698086023,1.0,0.026084555312991142,3,1,1,1.0,0,0,9130760,0
1779334255.508178,left,1837264192,165,0,0,4877,1530,0,0,0,0,0,0,912,0,4084,1318,0,1543,468,0,1,1,1,0,0,32,14902.20703125,6472.7080078125,3888.752685546875,4540.74609375,14440.9072265625,461.29998779296875,146.14073181152344,52.61723709106445,93.95774841308594,0.26576536893844604,-0.32187503576278687,1.584512710571289,1.219761610031128,1.0,0.6608140468597412,3,1,1,1.0,0,0,9130760,0
1779334255.576177,left,42156101,164,0,0,4916,1545,0,0,0,0,4100,1325,0,0,0,0,909,1527,465,0,1,1,1,0,0,32,14823.3837890625,6449.7099609375,4400.18896484375,3973.48486328125,14523.5380859375,299.8450012207031,145.36773681640625,53.473365783691406,87.79264068603516,0.2371595799922943,-0.34338313341140747,-0.5295308828353882,-0.3981432616710663,1.0,0.43807968497276306,3,1,1,1.0,0,0,9130760,0
1779334255.629177,left,42209083,164,0,0,4940,1545,0,0,0,0,4125,1338,0,0,0,0,895,1501,440,0,1,1,1,0,0,32,14805.75,6453.66162109375,4758.87255859375,3593.215087890625,14610.849609375,194.8992462158203,145.19480895996094,54.02363967895508,83.62989044189453,0.21784469485282898,-0.35720741748809814,-0.36455562710762024,-0.26092416048049927,1.0,0.28970247507095337,3,1,1,1.0,0,0,9130760,0
1779334255.672177,left,42254710,164,0,0,4934,1528,0,0,0,0,4121,1348,0,0,0,0,902,1484,401,0,1,1,1,0,0,32,14797.0869140625,6462.5302734375,5003.9169921875,3330.639892578125,14670.40234375,126.68450927734375,145.10984802246094,54.36750793457031,80.78952026367188,0.20466552674770355,-0.36584606766700745,-0.28884580731391907,-0.18933197855949402,1.0,0.18870499730110168,3,1,1,1.0,0,0,9130760,0
1779334255.739177,left,42308084,166,0,0,4882,1484,0,0,0,0,4050,1274,0,0,0,0,875,1456,375,0,1,1,1,0,0,32,14763.4580078125,6462.3447265625,5163.1962890625,3137.916015625,14681.11328125,82.34493255615234,144.78005981445312,54.574806213378906,78.62957000732422,0.19544103741645813,-0.37105420231819153,-0.17282739281654358,-0.09757812321186066,1.1754943508222875e-38,0.11786407232284546,3,1,1,1.0,0,0,9130760,0
1779334255.763676,left,42358106,164,0,0,4734,1391,0,0,0,0,3912,1178,0,0,0,0,856,1401,299,0,1,1,1,0,0,32,14634.8466796875,6428.6240234375,5219.4775390625,2986.745361328125,14581.322265625,53.524208068847656,143.51881408691406,54.68522262573242,77.42755889892578,0.1890663057565689,-0.37382814288139343,-0.12743856012821198,-0.05545441433787346,1.0,0.06860180199146271,3,1,1,1.0,0,0,9130760,0
1779334255.815676,left,42411081,165,0,0,4367,1164,0,0,0,0,3629,953,0,0,0,0,753,1296,109,0,1,1,1,0,0,32,14332.5,6322.35546875,5174.16064453125,2835.984619140625,14297.708984375,34.79073715209961,140.55380249023438,54.73225784301758,76.33985900878906,0.18401940166950226,-0.3750095069408417,-0.09526954591274261,-0.02230040729045868,1.0,0.029785221442580223,3,1,1,1.0,0,0,9130760,0
1779334255.867676,left,42465103,167,0,0,4247,995,0,0,0,0,3570,881,0,0,0,0,742,1296,201,0,1,1,1,0,0,32,13643.17578125,6045.38134765625,4966.904296875,2630.889892578125,13620.560546875,22.61397933959961,133.79385375976562,54.73996353149414,75.32455444335938,0.1793084591627121,-0.3752032518386841,-0.08720415085554123,-0.003586407285183668,-0.0,-0.004878037143498659,3,1,1,1.0,0,0,9130760,0
1779334255.928676,left,42520093,165,0,0,4421,1137,0,0,0,0,3819,1008,0,0,0,0,852,1576,537,0,1,1,1,0,0,32,1.8035714588471308e-10,-6.402295864059618e-39,49.397464752197266,-2.2192585644703744e+17,1.0055201238734057e+33,-4.194099189325184e-17,-1.6517574156341033e-19,2.4637492333264195e+32,-3.8541096123618656e+30,-12173.0419921875,-2.9517314622820376e+28,-406899818496.0,1.7256629053156326e-38,1.6220680939919851e-19,1.7346235083457577e-38,3,1,8,822486237184.0,0,0,35667,2818572288
1779334255.981587,left,42566527,164,261,0,5130,1479,0,0,0,0,4404,1338,0,109,501,41472,62979,18438,4,1792,1,1,0,0,0,32,6.257506241499513e-28,-2.5663200164328247e+35,-13260015616.0,-5.7937086339389744e-37,-1.3954664424800256e+16,9.297288979816747e-33,-0.04760920628905296,-6.159537980797844e+31,4.041501776674787e+36,-2.768120843654742e-09,-4.5925704706382734e-33,3261815062528.0,1.7469032269184825e-38,4.4587068259716034e-08,5.495226960311378e-39,1,1,8,822486237184.0,0,0,35667,3137339392
1779334256.046587,left,42619098,165,512,4,5869,1964,0,0,262,0,4916,1764,0,314,1307,0,985,2014,1392,0,1,1,1,0,0,32,14568.5673828125,6143.06201171875,5187.591796875,3237.914306640625,14471.0087890625,97.56036376953125,142.86883544921875,55.06193542480469,79.89602661132812,0.20051981508731842,-0.3832918405532837,0.37214410305023193,0.012751205824315548,1.0,0.1545635461807251,3,1,1,1.0,0,0,9130760,0
1779334256.078587,left,42670096,164,1103,341,6236,2208,0,0,579,0,5075,1761,0,381,1564,0,989,2132,1494,0,1,1,1,0,0,32,16998.0703125,6988.640625,5910.48486328125,4098.9443359375,16588.85546875,409.2142333984375,166.69412231445312,54.38399124145508,86.13336944580078,0.2294607311487198,-0.3662603199481964,0.5674912333488464,0.3339644968509674,1.0,0.43468719720840454,3,1,3,1.0,0,0,9130760,0
1779334256.147087,left,42724110,166,57861,46337,792,8,0,7424,3,29440,14867,6,56576,4864,6,15360,37635,24839,5,1792,1,1,0,0,0,3556769824,-0.0007575460476800799,-5.983283989487423e+25,3318450688.0,3.732166878271128e+24,-2.334019582602538e-36,-3375005958144.0,-0.047664981335401535,-2.8957624635950197e-06,5.8594977108033955e-34,-209467048198144.0,-1.1475732375833888e-33,1.138033258030191e-05,5.790043341623748e-39,-205621559296.0,5.8077389386312417e-39,1,1,8,822486237184.0,0,0,35667,2080374784
1779334256.220586,left,42775903,164,1749,751,6273,1985,1792,0,862,0,4757,1377,0,147,1532,0,652,1739,1255,0,1,1,1,0,0,32,20740.5078125,8770.802734375,6890.537109375,5079.1689453125,19137.533203125,1602.9755859375,203.3948974609375,52.017330169677734,95.46562957763672,0.2727617919445038,-0.30680394172668457,0.350941002368927,0.5764703154563904,1.0,0.9947299361228943,3,1,1,1.0,0,0,9130760,0
1779334256.288587,left,42829093,164,18184,20484,28184,7,0,52224,3,18432,14865,4,0,30720,30725,32256,23041,55813,3,1792,1,1,0,0,536870912,3271557120,3254811.25,2.8824109765679395e-09,9.98896893091655e-27,-6.013556763662109e-09,1.7224954965920072e-16,-5.679339076886253e+19,-6.939368242357691e-13,5.987104940037489e-31,-1.4652810293600884e-34,6.305543182451765e-22,-1.8428766614805077e+27,-3.598882811270301e+24,5.7955070043361503e-39,-0.748046875,-5.6304575870528875e-37,1,1,8,822121005056.0,0,0,35667,4143972352
1779334256.304587,left,42879114,164,2733,1599,6025,1809,0,0,1024,0,4048,737,0,0,1251,0,233,1058,646,0,1,1,1,0,0,32,21741.337890625,10165.5087890625,6803.58447265625,4772.244140625,18722.7265625,2950.6123046875,213.20968627929688,48.963714599609375,101.16779327392578,0.2992195785045624,-0.23008953034877777,0.25071582198143005,0.8876603841781616,1.0,1.3401410579681396,3,1,1,0.7669650912284851,0,0,9130760,0
1779334256.370587,left,42932125,163,3216,2118,5738,1569,0,0,1203,0,3641,470,0,0,962,0,3,735,375,0,1,1,1,0,0,32,21538.919921875,10865.681640625,6455.47998046875,4217.7587890625,17746.419921875,3792.49755859375,211.22463989257812,46.749202728271484,104.32366180419922,0.31386253237724304,-0.17445549368858337,0.276224821805954,1.0494810342788696,1.0,1.490732192993164,3,1,1,0.581518292427063,0,0,9130760,0
1779334256.406587,left,42983124,164,13837,63497,17428,5,0,13568,4,21760,2,0,0,32000,45324,0,56832,8960,0,1792,1,1,0,0,536870912,3120562176,2.822885805317532e-12,-1.462466066715015e+22,6.389125480271783e-25,2.623514876073333e+38,-3252198.75,-3.644612026368449e+21,-1.6225473864006455e+37,5.465967795424461e+16,-9.20128350197839e+23,-6.160719186812157e-25,0.3708551526069641,1.4012746983028621e-37,5.8439120571893225e-39,3.5172995028510634e-38,-6.978759237163956e-10,1,0,8,818349801472.0,0,0,35667,3003121664
1779334256.439087,left,43034735,164,3476,2103,4334,379,0,0,675,0,2202,0,0,0,0,0,0,0,0,0,1,1,1,0,0,32,19576.8984375,11775.078125,5055.35986328125,2746.462890625,14181.21875,5395.68310546875,191.98377990722656,41.10271453857422,112.46310424804688,0.3516290783882141,-0.03260157257318497,0.3702755868434906,1.4944356679916382,1.0,1.7372063398361206,3,1,0,0.782656192779541,0,0,9130760,0
1779334256.543087,left,43139101,165,0,0,2086,0,0,0,0,0,1073,0,0,0,0,0,0,0,0,0,1,1,1,0,0,32,13274.736328125,9137.099609375,2977.254638671875,1160.380615234375,8734.7255859375,4540.0107421875,130.18069458007812,37.22642517089844,114.79627990722656,0.362454891204834,0.06478013843297958,-0.16838112473487854,0.35773488879203796,1.0,1.2522703409194946,3,1,0,0.5681324005126953,0,0,9130760,0
1779334256.595088,left,43192146,165,0,0,1857,0,0,0,0,0,1187,0,0,0,0,0,0,0,0,0,1,1,1,0,0,32,9774.12890625,6669.21533203125,2350.66552734375,754.2474365234375,6823.12060546875,2951.007080078125,95.85145568847656,38.633888244628906,107.18090057373047,0.3271200358867645,0.029421204701066017,-0.6661297678947449,-0.666583776473999,1.0,0.7434753179550171,3,1,0,0.8038586378097534,0,0,9130760,0
1779334256.654588,left,43244118,164,0,0,1693,0,0,0,0,0,0,0,0,0,1198,0,0,0,0,0,1,1,1,0,0,32,7378.68408203125,4984.9404296875,1903.482666015625,490.2608337402344,5460.52880859375,1918.15478515625,72.36016845703125,40.11891555786133,99.20880126953125,0.29012995958328247,-0.007886220701038837,-0.7117308974266052,-0.7178370356559753,1.0,0.42014679312705994,3,1,0,0.9474251866340637,0,0,9130760,0
1779334256.713587,left,43301129,164,0,0,1590,0,0,0,0,0,1247,0,0,0,0,0,0,0,0,0,1,1,1,0,0,32,5804.14501953125,3832.76123046875,1652.7137451171875,318.6695556640625,4557.34423828125,1246.8006591796875,56.91921615600586,41.90488052368164,90.63150024414062,0.25033172965049744,-0.052754245698451996,-0.6980798244476318,-0.7870064377784729,1.0,0.21106015145778656,3,1,0,0.6483050584793091,0,0,9130760,0
1779334256.754087,left,43347737,163,0,0,1459,0,0,0,0,0,1248,0,0,0,0,0,0,0,0,0,1,1,1,0,0,32,4765.6435546875,3047.794677734375,1510.7139892578125,207.1352081298828,3955.2236328125,810.42041015625,46.7349967956543,43.81010818481445,82.12818145751953,0.21087688207626343,-0.10061812400817871,-0.8465251922607422,-1.0269454717636108,1.0,0.07608021795749664,3,1,0,0.3292125463485718,0,0,9130760,0
1779334256.824586,left,43405133,163,0,0,1424,0,0,0,0,0,1245,0,0,0,0,0,0,0,0,0,1,1,1,0,0,32,4044.768310546875,2491.716552734375,1418.4140625,134.63787841796875,3517.994873046875,526.7732543945312,39.665626525878906,45.62266159057617,74.56309509277344,0.17577527463436127,-0.1461537927389145,-0.6115688681602478,-0.793359637260437,1.0,-0.008835028856992722,3,1,3,0.025641441345214844,0,0,9130760,0
1779334256.893587,left,43458112,164,0,0,1299,0,0,0,0,0,1231,0,0,0,0,0,0,0,0,1792,1,1,0,0,0,32,12.335619926452637,5.78981190316938e-37,6.535247425597334e+37,-5.999154697528898e-31,-2.3747478301975936e-33,1.779596886519741e-10,-12418.943359375,1.6066963559464293e-22,2.4081875995640546e+29,3189058560.0,-2.2678887034999207e-05,-3.2368195169719973e-19,1.7563860938862614e-38,3212836864.0,-1.2246529128140658e-24,1,1,8,820855177216.0,0,0,35667,4261412864
1779334256.925087,left,43502951,164,0,0,1192,0,0,0,0,0,1185,0,0,0,0,0,0,0,0,0,1,1,1,0,0,32,-5.936728148829901e-34,-49.22355270385742,-0.04800812527537346,-3261303040.0,-2.0236973706016234e-29,1.0815208104086871e-11,88722071552.0,2.932501179213513e-22,1.2183111103781274e+18,-0.006416079588234425,1.831360649001584e-35,738.2772827148438,-2.6764800668604006e-43,-401.3769226074219,0.009553131647408009,3,1,1,2.784147801193626e-09,0,0,21256,3422552064
1779334256.963087,left,43559132,164,0,0,1156,0,0,0,0,0,1134,0,0,0,0,0,0,0,0,0,1,1,1,0,0,32,2912.998046875,1607.584228515625,1268.4388427734375,36.97492980957031,2768.332763671875,144.6651153564453,28.56675148010254,49.68229675292969,59.2551155090332,0.1047472134232521,-0.24814216792583466,-0.31151971220970154,-0.4930337369441986,1.0,-0.11333900690078735,3,1,1,0.8271405100822449,0,0,9130760,0
1779334257.035587,left,43615136,164,0,0,1202,0,0,0,0,0,1113,0,0,0,0,0,0,0,0,0,1,1,1,0,0,32,2707.548583984375,1462.129638671875,1221.38525390625,1538.1571044921875,-1.5186963834657659e-31,2.4685545683882893e+32,-6.29013476699014e+34,4.632187119568698e-05,3.671763303032142e+24,795796480.0,1.072611216809001e+17,3.150568081836547e-22,1.7510642425784486e-38,5.390245804009062e+16,-6.979136733522922e-38,3,1,1,822013984768.0,0,0,9130760,0
1779334257.076088,left,43658926,164,0,0,1396,0,0,0,0,0,1450,0,0,0,0,0,0,0,0,0,1,1,1,0,0,32,2577.50634765625,1371.0843505859375,1190.8004150390625,6.873661253896379e-13,-5.957415659104258e+25,-7.074231755943572e-10,-1.4929029811234127e-31,2.283943587829342e-36,-2.3675108340956502e+20,-2.4618622397771118e+35,-0.005815462674945593,1.8333607928175377e-32,1.7505502463017343e-38,2.315092944562015e+26,-3.2191160424057726e-19,3,1,1,822207709184.0,0,0,9130760,0
1779334257.113087,left,43658926,50359,0,0,1396,0,0,0,0,0,1450,0,0,0,0,0,0,0,0,0,1,1,1,0,0,32,2577.50634765625,1371.0843505859375,1190.8004150390625,15.621909141540527,2516.385498046875,61.121009826660156,25.276702880859375,50.97221374511719,54.32521057128906,0.08187270909547806,-0.2805479168891907,-0.22177021205425262,-0.3090212941169739,1.0,-0.13076941668987274,3,1,1,0.9351596832275391,0,0,9130760,0
1779334257.129087,left,43721123,165,0,0,5831,1372,0,0,0,3840,45846,7,0,0,0,23040,30208,1,0,1792,1,1,0,0,0,32,-12.322012901306152,-6.823490429404158e-16,-3146.01171875,5.675716612749773e-37,1.7099309539595717e-16,3.7386298076843395e-32,-198470.34375,-2.1876965677989888e+17,1.4682598323434767e+25,0.046287260949611664,1.1202074987900407e-36,99615384.0,1.7496504725577913e-38,2.3706551752315032e+29,-95.0426025390625,1,1,8,822439247872.0,0,0,35667,2885681152
1779334257.180088,left,43766135,164,0,0,5587,2135,0,0,0,0,5217,2112,0,0,0,0,871,1380,107,0,1,1,1,0,0,32,6850.31201171875,3332.523193359375,3348.7880859375,169.000244140625,6824.48828125,25.823625564575195,67.1786117553711,52.82712936401367,58.79485321044922,0.10261167585849762,-0.32714807987213135,0.633903980255127,-0.675970196723938,1.0,-0.2740958333015442,3,1,1,1.0,0,0,9130760,0
1779334257.233587,left,43818139,165,306,0,5170,2220,0,0,601,0,64,2033,169,632,1253,0,1664,2688,1381,0,1,1,1,0,0,32,10518.2021484375,4868.83984375,4714.2119140625,935.1502075195312,10501.3525390625,16.785358428955078,103.14832305908203,53.81283187866211,65.72234344482422,0.13475476205348969,-0.35191139578819275,0.6180887222290039,-0.4761810004711151,1.0,-0.24605430662631989,3,1,1,1.0,0,0,9130760,0
1779334257.278587,left,43870143,164,469,117,3957,1009,0,0,1303,0,3916,1051,179,1302,2516,0,2252,65228,2252,0,1,1,1,0,0,32,14872.83203125,5828.595703125,5991.28759765625,3052.947509765625,14544.470703125,328.3605041503906,145.8526611328125,54.58788299560547,83.1727294921875,0.21572349965572357,-0.3713826835155487,1.5569714307785034,-0.37441906332969666,1.0,0.27470365166664124,3,1,1,1.0,0,0,9130760,0
1779334257.324086,left,43919156,164,512,73,3185,375,0,0,1595,1078,3200,0,2081,0,3462,528,17,3972,2850,0,1,1,1,0,0,32,17667.990234375,5716.38720703125,6372.68701171875,5578.91552734375,16808.806640625,859.184326171875,173.2637939453125,55.12050247192383,99.38710021972656,0.29095718264579773,-0.38476336002349854,1.5349740982055664,-0.27300259470939636,1.0,1.0135828256607056,3,1,1,1.0,0,0,9130760,0
1779334257.397087,left,43974150,168,496,69,2778,14,0,0,1798,0,3221,227,0,408,3830,0,1586,3438,3192,0,1,1,1,0,0,32,19007.44140625,5160.8017578125,6112.74658203125,7733.8955078125,17698.572265625,1315.8697509765625,186.39932250976562,55.42467498779297,112.15999603271484,0.350222647190094,-0.392404705286026,1.0776715278625488,-0.1389487087726593,1.0,1.6728525161743164,3,1,1,1.0,0,0,9130760,0
1779334257.427587,left,44024141,165,879,210,2708,0,0,0,2268,0,3034,27,0,0,4204,0,1123,2693,3242,0,1,1,1,0,0,32,19349.587890625,4536.47119140625,5732.03515625,9081.08203125,17660.22265625,1689.3653564453125,189.754638671875,55.56114959716797,121.09273529052734,0.39167001843452454,-0.3958335220813751,0.8290966749191284,-0.06858868151903152,1.0,2.1176187992095947,3,1,1,1.0,0,0,9130760,0
1779334257.488587,left,44077150,165,1558,611,2868,0,0,0,2603,0,2877,0,0,0,4474,0,736,2221,3178,0,1,1,1,0,0,32,19720.03125,4302.15625,5590.97314453125,9826.90234375,17446.994140625,2273.03759765625,193.38743591308594,54.77019119262695,128.17874145507812,0.4245487451553345,-0.375962495803833,0.620248019695282,0.37486135959625244,1.0,2.49338698387146,4,1,1,1.0,0,0,9130760,0
1779334257.541087,left,44129155,164,2292,1033,3065,26,0,0,3078,0,2761,0,0,0,4601,0,573,1957,3067,0,1,1,1,0,0,32,20212.12109375,4559.3515625,5552.13232421875,10100.63671875,17064.447265625,3147.67431640625,198.21319580078125,53.00200271606445,134.560791015625,0.45416098833084106,-0.3315412998199463,0.5694114565849304,0.854171633720398,1.0,2.865063190460205,4,1,1,1.0,0,0,9130760,0
1779334257.616089,left,44184149,164,2951,1404,3218,12,0,0,3391,0,2660,0,0,0,4768,0,400,1829,3009,0,1,1,1,0,0,32,20991.529296875,5204.27880859375,5652.5791015625,10134.7138671875,16704.490234375,4287.0380859375,205.85658264160156,50.698944091796875,140.03997802734375,0.47958412766456604,-0.273911714553833,0.46228933334350586,1.0520869493484497,1.0,3.2514686584472656,4,1,1,0.9122760891914368,0,0,9130760,0
1779334257.645107,left,44239143,164,65,2258,3293,0,0,0,3805,0,2466,0,0,0,4728,0,212,1558,2499,0,1,1,1,0,0,32,21905.19140625,6037.53125,5791.99853515625,10075.6640625,16407.51953125,5497.6748046875,214.81654357910156,48.396888732910156,144.599853515625,0.500741720199585,-0.2158493846654892,0.3847254812717438,1.051632046699524,1.0,3.63261342048645,4,1,1,0.7194979190826416,0,0,9130760,0
1779334257.699107,left,44283153,168,4984,3467,3049,0,0,0,3986,339,2059,0,0,0,3574,3328,0,1227,1275,0,1,1,1,0,0,32,22865.525390625,7207.74462890625,5959.64892578125,9698.1318359375,15803.2373046875,7062.28857421875,224.23419189453125,45.48258972167969,149.30490112304688,0.5225728154182434,-0.14263498783111572,0.49604853987693787,1.6635855436325073,1.0,4.049960136413574,4,1,0,0.04910010099411011,0,0,9130760,0
1779334257.751107,left,44283153,56160,4984,3467,3049,0,0,0,3986,339,2059,0,0,0,3574,0,0,1227,1275,0,1,1,1,0,0,32,22865.525390625,7207.74462890625,5959.64892578125,9698.1318359375,15803.2373046875,7062.28857421875,224.23419189453125,45.48258972167969,149.30490112304688,0.5225728154182434,-0.14263498783111572,0.49604853987693787,1.6635855436325073,1.0,4.049960136413574,4,1,0,0.04910010099411011,0,0,9130760,0
1779334257.803606,left,44396165,165,2819,4336,1654,0,0,0,607,909,937,0,0,0,0,0,0,313,0,0,1,1,1,0,3,35,22807.591796875,8332.384765625,6044.82177734375,8430.3857421875,14186.5048828125,8621.087890625,223.6660614013672,42.006866455078125,153.65127563476562,0.5427398681640625,-0.055316295474767685,0.1784505397081375,0.7726497054100037,1.0,4.27751350402832,4,1,0,0.6312247514724731,0,0,9130760,0
1779334257.840109,left,44437973,165,0,568,899,0,0,0,0,0,280,0,0,0,0,0,0,0,0,0,1,1,1,0,0,32,18372.53515625,8195.0498046875,4588.1845703125,5589.30078125,10237.6279296875,8134.9072265625,180.1730194091797,38.36005401611328,156.1470184326172,0.5543199181556702,0.03630056604743004,0.2769816815853119,2.191371440887451,1.0,3.5557291507720947,4,1,0,0.7587896585464478,0,0,9130760,0
1779334257.893607,left,44437973,50358,0,568,899,0,0,0,0,0,280,0,0,0,0,0,0,0,0,0,1,1,1,0,0,32,18372.53515625,8195.0498046875,4588.1845703125,5589.30078125,10237.6279296875,8134.9072265625,180.1730194091797,38.36005401611328,156.1470184326172,0.5543199181556702,0.03630056604743004,0.2769816815853119,2.191371440887451,1.0,3.5557291507720947,4,1,0,0.7579962015151978,0,0,9130760,0
1779334257.907607,left,44500168,165,0,0,503,0,0,0,0,0,37,0,0,0,0,0,0,0,0,0,1,1,1,0,0,32,12553.59765625,5840.232421875,3080.31982421875,3633.045654296875,7067.04833984375,5486.4892578125,123.10873413085938,38.12227249145508,153.78189086914062,0.5433458685874939,0.04227437451481819,-0.1764458566904068,0.09604965895414352,1.0,2.358332872390747,4,1,0,0.7181708812713623,0,0,9130760,0
1779334257.960608,left,44541953,163,0,0,422,0,0,0,0,0,0,0,0,0,0,0,0,0,0,0,1,1,1,0,0,32,8348.8388671875,3972.200927734375,2015.1580810546875,2361.479736328125,4782.62060546875,3566.21826171875,81.87413787841797,38.21676254272461,151.4284210205078,0.5324258208274841,0.0399005189538002,-0.2613389194011688,-0.05681118741631508,1.0,1.521284580230713,4,1,0,0.7339965105056763,0,0,9130760,0
1779334258.006607,left,44599174,165,0,41984,1,0,0,0,0,0,0,0,0,0,0,0,0,0,0,1792,0,0,1,0,0,32,6.387400340079678e-25,807593.625,-12584.9326171875,1.5588099871203642e+31,-7.009326929638404e-13,-6.67685301201778e-19,-50948776.0,1.574711228276638e+34,3.6849757834749366e+24,1.4779451071625884e+28,3.572227842544543e+24,2.2694255676469766e-05,1.734928150631902e-38,-9.66827925438872e-27,-6.042035125251414e-28,1,0,8,821390671872.0,0,0,35667,2399141888
1779334258.058108,left,44654165,164,0,0,409,0,0,0,0,0,0,0,0,0,0,0,0,0,0,0,1,1,1,0,0,32,3770.38916015625,1921.260009765625,851.4042358398438,997.72509765625,2263.662109375,1506.7274169921875,36.97488784790039,38.37552261352539,144.8796844482422,0.5020400285720825,0.03591210022568703,-0.3254014253616333,-0.04271188750863075,1.0,0.6277875304222107,4,1,0,0.7605860233306885,0,0,9130760,0
1779334258.118107,left,44708152,164,0,0,397,0,0,0,0,0,0,0,0,0,0,0,0,0,0,0,1,1,1,0,0,32,2593.903076171875,1391.968994140625,553.412841796875,648.5213623046875,1614.5303955078125,979.3727416992188,25.437498092651367,38.50269317626953,139.6335906982422,0.47769859433174133,9.845444537632163e-38,-0.450875848531723,-0.05918089300394058,1.0,0.3992520868778229,4,1,0,0.7818859815597534,0,0,9130760,0
1779334258.156106,left,44751183,166,0,0,343,0,0,0,0,0,0,0,0,0,0,0,0,0,0,0,1,1,1,0,0,32,1824.987060546875,1043.7298583984375,359.71826171875,421.5389099121094,1188.394775390625,636.59228515625,17.897008895874023,38.66847229003906,132.79539489746094,0.445969820022583,0.028552420437335968,-0.737346887588501,-0.09678327292203903,1.0,0.2509624660015106,4,1,0,0.8096505403518677,0,0,9130760,0
1779334258.223608,left,44808162,163,0,0,311,0,0,0,0,0,0,0,0,0,0,0,0,0,0,0,1,1,1,0,0,32,1306.2916259765625,798.474365234375,233.81690979003906,274.0002746582031,892.506591796875,413.7850036621094,12.810344696044922,38.85333251953125,125.16983795166016,0.4105876684188843,0.023908227682113647,-0.6209682822227478,-0.08150709420442581,1.0,0.15573740005493164,4,1,0,0.8406118154525757,0,0,9130760,0
1779334258.267608,left,44853792,163,0,0,377,0,0,0,0,0,0,0,0,0,0,0,0,0,0,0,1,0,0,1,0,52,0.0,0.0,0.0,0.0,0.0,0.0,0.0,0.0,0.0,0.0,0.0,0.0,0.0,0.0,0.0,1,0,3,1.0,0,1,9130760,44853792
1779334258.314107,left,44853792,52561,0,0,377,0,0,0,0,0,0,0,0,0,0,0,0,0,0,2304,1,0,0,0,0,52,0.0,0.0,0.0,0.0,0.0,0.0,0.0,0.0,0.0,0.0,0.0,0.0,0.0,0.0,0.0,0,3,8,822486237184.0,0,0,536906579,175210
1779334258.334108,left,44918181,164,0,0,1012,0,0,0,0,0,1408,0,0,0,0,0,0,0,0,0,1,0,0,1,0,52,0.0,0.0,0.0,0.0,0.0,0.0,0.0,0.0,0.0,0.0,0.0,0.0,0.0,0.0,0.0,1,0,3,1.0,0,0,9130760,44853792
1779334258.470606,left,45064182,164,0,474,6263,2962,0,0,0,0,5410,2573,141,63,115,0,1171,1715,321,0,1,0,0,1,1,53,0.0,0.0,0.0,0.0,0.0,0.0,0.0,0.0,0.0,0.0,0.0,0.0,0.0,0.0,0.0,1,0,3,1.0,0,0,9130760,44853792
1779334258.561107,left,45115184,163,0,536,5075,1886,0,0,0,0,4561,1541,0,235,376,0,1289,1957,680,0,1,0,0,1,0,52,0.0,0.0,0.0,0.0,0.0,0.0,0.0,0.0,0.0,0.0,0.0,0.0,0.0,0.0,0.0,1,0,3,1.0,0,0,9130752,44853792
1779334258.589107,left,45166793,165,0,373,4088,929,0,0,0,0,3823,932,0,307,457,0,1281,2084,681,0,1,1,1,0,0,32,14046.73828125,6186.21337890625,5381.87060546875,2478.655029296875,13741.7958984375,304.9422302246094,137.75144958496094,53.7869987487793,79.56071472167969,0.1989639401435852,-0.3512623608112335,0.0,0.0,0.0,0.13772757351398468,2,2,1,1.0,1,0,45166793,44853792
1779334258.635608,left,45222177,676,0,355,4306,1109,0,0,0,0,4123,1273,0,450,299,0,1441,2175,754,0,1,1,1,0,0,32,14702.7314453125,6046.83837890625,5494.265625,3161.625732421875,14373.96875,328.762451171875,144.18453979492188,54.50480270385742,83.35658264160156,0.21657663583755493,-0.36929547786712646,0.318010538816452,-0.32560157775878906,0.08520615100860596,0.27804720401763916,2,2,1,1.0,0,0,45166793,44853792
1779334258.716607,left,45271189,165,0,432,5042,1773,0,0,0,0,4775,1880,0,543,335,0,1473,2382,928,0,1,1,1,0,0,32,15275.42578125,5956.2451171875,5617.373046875,3701.806884765625,14931.1806640625,344.2455749511719,149.80075073242188,2.5086756945702913e-24,-209029038080.0,-1.7734163293425809e-07,-1.8369973315286003e-32,-1.399859386853894e-37,-1.4885399341583252,1.6888039903149854e-13,5.766019480751363e-39,3,2,1,822486237184.0,0,0,45166793,44853792
1779334258.755608,left,45323193,165,0,668,5260,1813,0,0,0,0,4477,1666,207,1035,1192,0,1593,2950,1420,0,1,1,1,0,0,32,16596.875,6408.009765625,5991.392578125,4197.474609375,16221.916015625,374.95965576171875,162.75973510742188,55.10423278808594,87.97089385986328,0.23798668384552002,-0.38435453176498413,0.1577080637216568,-0.03835149481892586,0.2406153827905655,0.4975895881652832,3,2,1,1.0,0,0,45166793,44853792
1779334258.793607,left,45378187,165,866,1075,4369,656,0,0,877,0,3442,243,0,1271,2272,0,1089,2861,1778,0,1,1,1,0,0,32,18350.419921875,6784.25634765625,6406.705078125,5159.4580078125,17872.896484375,477.5237731933594,179.95614624023438,55.06181716918945,93.34735870361328,0.2629331946372986,-0.3832889199256897,0.453622430562973,0.019376875832676888,0.32522153854370117,0.7868484854698181,3,2,1,1.0,0,0,45166793,44853792
1779334258.831607,left,649405975,165,47876,22530,12,0,0,56320,4,19712,9,0,0,21760,7,64000,36609,42755,2,1792,1,1,0,0,0,50331680,2.6911467165430294e-18,1.604905328598832e+34,-202493.40625,1.7560974376051863e-13,-5.859749217682176e+22,-3.626055788528799e+21,-6.772966502287215e-16,-3.849317128181458e+30,6.028776586026801e+28,6.613120267832896e-16,-3.0809882169399264e-25,-205491060736.0,8.9879400089826e-36,-9.906807490745759e+35,5.841266405688677e-39,2,1,201,822486237184.0,0,0,537047344,1476570218
1779334258.903106,left,45426199,199,47876,22530,12,0,0,56320,4,19712,9,0,0,21760,7,64000,36609,42755,2,1792,1,1,0,0,536870912,50331648,2.6911467165430294e-18,1.604905328598832e+34,-202493.40625,1.7560974376051863e-13,-5.859749217682176e+22,-3.626055788528799e+21,-6.772966502287215e-16,-3.849317128181458e+30,6.028776586026801e+28,6.613120267832896e-16,-3.0809882169399264e-25,-205491060736.0,8.9879400089826e-36,-9.906807490745759e+35,5.841266405688677e-39,2,1,201,822486237184.0,0,0,537047344,1476570218
1779334258.916107,left,45489189,164,0,256,1741,0,0,0,0,0,1263,0,0,0,0,0,0,0,0,0,1,1,1,0,0,32,16358.88671875,6019.3232421875,5120.4501953125,5219.11376953125,203162.0625,3.701154166159362e-35,-2.4735243173616267e+32,-4.3771401641964713e-38,3.0443272590637207,1.6536577907131403e-16,-1.7169359227227996e+18,781071.5625,-3.6113012170267975e+24,0.00018214414012618363,5.842681717137645e-39,3,2,1,822486237184.0,0,0,45166793,44853792
1779334258.944606,left,45532184,164,0,0,1362,0,0,0,0,0,1049,0,0,0,0,0,0,0,0,0,1,1,1,0,0,32,11774.27734375,4611.51025390625,3770.34228515625,3392.423828125,10636.87109375,1137.40576171875,115.46621704101562,51.62947463989258,102.92829895019531,0.3073882460594177,-0.2970600128173828,-0.45342645049095154,0.2798174321651459,0.5621399879455566,0.775497317314148,3,2,1,0.9901999831199646,0,0,45166793,44853792
1779334259.039679,left,45588185,164,0,0,1392,0,0,0,0,0,986,0,0,0,0,0,0,0,0,0,1,1,1,0,0,32,8507.6298828125,3484.681640625,2817.872802734375,2205.07568359375,7768.31591796875,739.313720703125,83.43134307861328,51.547950744628906,97.59510040283203,0.2826424241065979,-0.29501181840896606,-0.44188177585601807,0.03657424822449684,0.6482954025268555,0.45149415731430054,3,2,1,0.983372688293457,0,0,45166793,44853792
1779334259.057678,left,45642203,164,0,0,1334,0,0,0,0,0,931,0,0,0,0,0,0,0,0,0,1,1,1,0,0,32,6351.759765625,2741.7431640625,2176.71728515625,1433.299072265625,5871.2060546875,480.5539245605469,62.28948211669922,51.42351150512695,91.41387939453125,0.2539619505405426,-0.29188573360443115,-0.5309429168701172,0.057871170341968536,0.7314000129699707,0.24289530515670776,3,2,1,0.9729524254798889,0,0,45166793,44853792
1779334259.093178,left,45686216,167,0,0,1160,0,0,0,0,0,839,0,0,0,0,0,0,0,0,0,1,1,1,0,0,32,4921.39404296875,2249.032958984375,1740.71630859375,931.6444091796875,4609.03369140625,312.36004638671875,48.262386322021484,51.25482940673828,84.71383666992188,0.22287416458129883,-0.28764817118644714,-0.7063319087028503,0.09627978503704071,0.7991123199462891,0.10909391194581985,3,2,1,0.9588271975517273,0,0,45166793,44853792
1779334259.154178,left,45744200,164,0,0,1013,0,0,0,0,0,692,0,0,0,0,0,0,0,0,0,1,1,1,0,0,32,3898.5556640625,1867.8714599609375,1425.1156005859375,605.56884765625,3487.521728515625,203.03404235839844,38.23176956176758,51.1338996887207,78.45165252685547,0.19381798803806305,-0.28460994362831116,-0.5011067986488342,0.05239769071340561,0.8883184790611267,0.027852581813931465,3,2,1,0.9486997723579407,0,0,45166793,44853792
1779334259.204761,left,45794216,163,0,0,901,0,0,0,0,0,613,0,0,0,0,0,0,0,0,0,1,1,1,0,0,32,3130.8115234375,1568.6663818359375,1168.5250244140625,393.6197814941406,2998.83935546875,131.97213745117188,30.70277214050293,50.966243743896484,72.99430084228516,0.16849620640277863,-0.28039827942848206,-0.506273627281189,0.08420633524656296,0.9652661681175232,-0.01862148754298687,3,2,1,0.9346609115600586,0,0,45166793,44853792
1779334259.264678,left,45846195,164,0,0,846,0,0,0,0,0,561,0,0,0,0,0,0,0,0,0,1,1,1,0,0,32,2564.92724609375,1334.983154296875,974.0912475585938,255.8528594970703,2479.1455078125,85.78189086914062,25.153343200683594,50.81441879272461,68.20661926269531,0.1462816298007965,-0.2765837609767914,-0.4273759722709656,0.07338576018810272,1.0,-0.044715508818626404,3,2,1,0.9219458103179932,0,0,45166793,44853792
1779334259.316678,left,45900207,164,0,0,825,0,0,0,0,0,533,0,0,0,0,0,0,0,0,0,1,1,1,0,0,32,2159.65283203125,1163.839111328125,829.5093383789062,166.30435180664062,2103.89453125,55.75822448730469,21.178958892822266,50.64828109741211,64.01404571533203,0.1268283724784851,-0.27240994572639465,-0.36016547679901123,0.07727570086717606,1.0,-0.05937183275818825,3,2,1,0.9080331325531006,0,0,45166793,44853792
1779334259.536178,left,46056218,164,0,0,6534,501,0,0,0,0,7058,1686,0,0,0,0,0,0,0,0,1,1,1,0,0,32,4576.958984375,2105.603515625,2425.68408203125,45.67133712768555,4561.646484375,15.312603950500488,44.8846321105957,53.29975891113281,52.63819122314453,0.07404506951570511,-0.3390216827392578,-0.39594751596450806,-1.306882619857788,1.0,-0.2507348954677582,3,2,1,1.0,0,0,45166793,44853792
1779334259.596178,left,46158213,164,0,0,10086,3735,0,0,0,0,9784,4528,0,0,0,0,1266,1313,0,0,1,1,1,0,0,32,14904.5380859375,6745.7294921875,7674.0107421875,484.7961120605469,14898.0693359375,6.469574928283691,146.16358947753906,53.74576950073242,59.39958572387695,0.10541752725839615,-0.35022661089897156,0.516057014465332,-0.07779883593320847,1.0,-0.5747406482696533,3,2,1,1.0,0,0,45166793,44853792
1779334259.627678,left,46208203,164,0,38144,63006,11,0,0,0,55552,16412,13,0,0,0,1335,1627,14,0,775,0,1,0,0,0,32,-817.1030883789062,-2.113649368286133,6.831825885456055e-05,0.04889354109764099,-1.3984592604839978e-28,4.965923852877618e+22,138509.0,126.62957763671875,2.607326254281523e+16,2.7289393931834817e+37,3105175109632.0,2.8257879743028564e-35,6.821380794486777e-41,-1.423806052996476e-36,6.855152087477005e-41,1,201,48,0.8251876831054688,0,0,1780482737,1169228460
1779334259.672678,left,46263231,164,0,0,5734,1813,0,0,0,0,5279,1839,0,325,300,0,1234,1840,629,0,1,1,1,0,0,32,21353.501953125,9501.34765625,10043.1552734375,1808.998779296875,21350.76953125,2.733395576477051,209.40631103515625,54.23465347290039,65.50733184814453,0.1337570995092392,-0.36250847578048706,0.22698098421096802,-0.0750170648097992,1.0,-0.5105411410331726,3,2,1,1.0,0,0,45166793,44853792
1779334259.747264,left,46317213,164,601,235,4573,527,0,0,919,0,4186,326,0,886,1855,12288,42244,18440,4,1792,1,1,0,0,0,32,833099648.0,3.7408351186035144e+24,3.65351479840683e+21,4.0765346532156534e-23,1.0767558098932408e-17,-3.6246684771815854e+24,3.7773870076383336e+27,-1.5398286428265949e+31,1.0299257310846858e-20,1.4646301085468702e-31,-1.9808118131576278e+36,-8.798438412451442e+20,1.7471633079134612e-38,2.207844681322112e+20,1.7497545890336906e-38,2,1,201,822486237184.0,0,0,537047344,2818747498
1779334259.776177,left,46371230,165,1812,866,4259,178,0,0,1996,0,3754,0,0,594,2888,0,789,2022,1328,0,1,1,1,0,0,32,19644.861328125,7808.861328125,8045.265625,3790.734375,19029.45703125,615.4049072265625,192.6502685546875,54.01028823852539,82.03041076660156,0.21042318642139435,-0.356872022151947,1.0266822576522827,0.29153719544410706,1.0,0.30900850892066956,3,2,1,1.0,0,0,45166793,44853792
1779334259.842178,left,46415211,167,2711,1928,3878,3,0,0,2921,0,3333,0,0,0,3889,0,418,1559,1582,0,1,1,1,0,0,32,19939.26171875,7566.01025390625,7449.822265625,4923.42724609375,17903.345703125,2035.9130859375,195.537353515625,51.673095703125,98.46334838867188,0.28667107224464417,-0.2981559634208679,1.7336550951004028,1.335032343864441,1.0,1.0996954441070557,3,2,1,0.9938531517982483,0,0,45166793,44853792
1779334259.971178,left,46521230,164,5174,5149,3121,0,0,0,4358,1285,2534,0,0,0,4481,0,0,1166,898,0,1,1,1,0,0,32,22046.283203125,8858.939453125,6967.4853515625,6219.86083984375,15662.76171875,6383.5234375,216.20018005371094,44.25411605834961,130.2681427001953,0.43424341082572937,-0.1117725819349289,1.3155618906021118,1.8737287521362305,1.0,2.8980226516723633,4,2,0,0.25484949350357056,0,0,45166793,44853792
1779334259.988678,left,46573232,164,4453,5857,2451,0,0,152,3221,1958,2290,0,0,0,3038,231,0,1403,823,0,1,1,1,0,0,32,23767.833984375,10211.3603515625,7222.8154296875,6333.65966796875,14450.794921875,9317.0400390625,233.08282470703125,39.8903923034668,144.91162109375,0.5021883249282837,-0.0021452263463288546,1.3065826892852783,2.108137369155884,1.0,3.9592783451080322,4,2,0,0.9856984615325928,0,0,45166793,44853792
1779334260.081178,left,46629235,164,1551,2703,1960,0,0,0,219,347,1513,0,0,0,274,0,0,573,0,0,1,1,1,0,0,32,23805.693359375,10855.9345703125,7073.39501953125,5876.32861328125,12811.81640625,10993.8759765625,233.4541015625,37.01133728027344,153.62188720703125,0.5426034927368164,0.0701836496591568,0.7216607332229614,1.2915178537368774,1.0,4.463026523590088,4,2,0,0.5321090221405029,0,0,45166793,44853792
1779334260.136177,left,46674046,51148,0,0,952,0,0,0,0,0,558,0,0,0,0,0,0,0,0,0,1,1,1,0,0,32,18672.703125,9231.2578125,5325.3798828125,4116.06396484375,9839.681640625,8833.01953125,183.1166534423828,35.988887786865234,152.42601013183594,0.5370547771453857,0.09587006270885468,-0.12382485717535019,0.5732166767120361,1.0,3.4471378326416016,4,2,0,0.3608662486076355,0,0,45166793,44853792
1779334260.186677,left,46735231,164,0,0,681,0,0,0,0,0,308,0,0,0,0,0,0,0,0,0,1,1,1,0,0,32,12665.755859375,6333.517578125,3656.796875,2675.44140625,6924.29296875,5741.462890625,124.20863342285156,36.54838562011719,148.1446533203125,0.5171893239021301,0.0818142518401146,-0.3246784806251526,-0.2297264188528061,1.0,2.2081143856048584,4,2,0,0.4545716643333435,0,0,45166793,44853792
1779334260.202677,left,46735231,56153,0,0,681,0,0,0,0,0,308,0,0,0,0,0,0,0,0,0,1,1,1,0,0,32,12665.755859375,6333.517578125,3656.796875,2675.44140625,6924.29296875,5741.462890625,124.20863342285156,36.54838562011719,148.1446533203125,0.5171893239021301,0.0818142518401146,-0.3246784806251526,-0.2297264188528061,1.0,2.2081143856048584,4,2,0,0.4545716643333435,0,0,45166793,44853792
1779334260.241178,left,46831237,165,0,0,598,0,0,0,0,0,210,0,0,0,0,0,0,0,0,0,1,1,1,0,3,35,8578.890625,4355.13671875,2484.718017578125,1739.036865234375,4846.9404296875,3731.95068359375,84.13017272949219,37.01152038574219,144.17735290527344,0.4987812936306,0.07017921656370163,-0.1917383372783661,-0.12119071185588837,1.0,1.4139713048934937,4,2,0,0.5321385860443115,0,0,45166793,44853792
1779334260.301178,left,46885225,164,0,0,566,0,0,0,0,0,155,0,0,0,0,0,0,0,0,0,1,1,1,0,0,32,5859.07958984375,3040.138671875,1688.566650390625,1130.3740234375,3433.31103515625,2425.76806640625,57.457942962646484,37.4845085144043,139.62298583984375,0.47764936089515686,0.058296434581279755,-0.39141908288002014,-0.22010043263435364,1.0,0.9016770720481873,4,1,0,0.6113570928573608,0,0,45166793,44853792
1779334260.358177,left,46934237,163,0,0,454,0,0,0,0,0,107,0,0,0,0,0,0,0,0,0,1,1,1,0,0,32,4060.751708984375,2174.18994140625,1151.818359375,734.7431640625,2484.00244140625,1576.749267578125,39.82236862182617,37.99824142456055,134.0423126220703,0.4517553448677063,0.04539019241929054,-0.5283198952674866,-0.2633281946182251,1.0,0.5705597996711731,4,1,0,0.6973987221717834,0,0,45166793,44853792
1779334260.433178,left,46989231,166,0,0,315,0,0,0,0,0,76,0,0,0,0,0,0,0,0,0,1,1,1,0,0,32,2835.838623046875,1572.12353515625,786.1318969726562,477.58306884765625,1810.9515380859375,1024.886962890625,27.810075759887695,38.49545669555664,128.2108612060547,0.42469778656959534,0.032899048179388046,-0.4920092821121216,-0.227136492729187,1.0,0.35877999663352966,4,1,0,0.7806730270385742,0,0,45166793,44853792
1779334260.488677,left,47043253,164,0,0,312,0,0,0,0,0,102,0,0,0,0,0,0,0,0,0,1,1,1,0,0,32,1989.2449951171875,1132.13037109375,546.6857299804688,310.428955078125,1323.0814208984375,666.1765747070312,19.507829666137695,39.07909393310547,122.45936584472656,0.39801114797592163,0.018236659467220306,-0.4939957559108734,-0.2714151442050934,1.0,0.22422480583190918,3,1,0,0.8784222602844238,0,0,45166793,44853792
1779334260.560177,left,47096230,163,0,0,280,0,0,0,0,0,103,0,0,0,0,0,0,0,0,0,1,1,1,0,0,32,1437.9093017578125,845.0890502929688,391.0457458496094,201.77883911132812,1004.8946533203125,433.0147705078125,14.101073265075684,39.82610321044922,115.13938903808594,0.36404696106910706,-0.0005301240016706288,-0.6411119699478149,-0.3542439937591553,0.5,0.13682858645915985,3,1,0,0.9964658617973328,0,0,45166793,44853792
1779334260.601678,left,47194050,166,0,0,7437,1991,0,0,0,0,7308,2708,148,0,0,0,692,781,13,0,1,1,1,0,0,2097184,4093.429443359375,2020.5283203125,1986.1494140625,85.2515640258789,3910.480712890625,182.94874572753906,40.14282989501953,51.05575180053711,59.51422119140625,0.10594944655895233,-0.2826467454433441,-4.962149620056152,-5.923721790313721,1.0,-0.1567228138446808,3,1,1,0.9421557784080505,0,0,45166793,44853792
1779334260.652678,left,47249249,166,0,0,8526,4080,0,0,0,0,7906,3821,0,0,0,0,1633,1979,616,0,1,1,1,0,0,32,9981.6787109375,4613.1435546875,4797.572265625,570.9635620117188,9862.7626953125,118.91668701171875,97.88682556152344,53.233192443847656,62.67412567138672,0.12061119824647903,-0.33734947443008423,0.265616238117218,-0.9910094141960144,1.0,-0.30649593472480774,3,1,1,1.0,0,0,45166793,44853792
1779334260.713177,left,47302262,165,0,0,6386,3214,0,0,43,0,5679,2501,299,152,993,0,1704,2413,1203,0,1,1,1,0,0,32,15201.3408203125,6726.39306640625,6624.021484375,1850.9261474609375,15124.044921875,77.29584503173828,149.07421875,54.299583435058594,69.3572006225586,0.1516202837228775,-0.3641396462917328,0.5849335789680481,-0.5053510069847107,1.0,-0.22305217385292053,3,1,1,1.00579833984375,0,0,45166793,44853792
1779334260.770678,left,47359238,164,330,1024,19216,3,0,62464,3,32000,27151,1,53248,41473,7,768,36357,4105,6,1792,1,1,0,0,0,32,0.19390644133090973,-5.982486167806235e+25,-13598443175936.0,9.728976549552413e-30,-1.1022194950098454e-14,-855464405368832.0,-49972.015625,3.83299630774886e-29,49818.546875,-0.00072575913509354,-4.722806985215167e+29,13135361605632.0,1.748144076708642e-38,-6.488272375967941e-19,5.6602004272178747e-39,1,1,201,822486237184.0,0,0,537047344,2768415850
1779334260.822178,left,47404041,164,935,0,3202,188,0,22528,6,25600,13,0,0,38912,10,29440,64515,30726,6,1792,1,1,0,0,0,32,-6.569667949907182e-22,2.6297285950795076e+38,2.811032222965748e-12,-3237093.5,-1.0067193782864634e+33,2.42636398815662e+29,1.693072351331251e-16,-5.848697856455216e-34,6.025360426113093e+28,0.0007265403401106596,-1.153035136550341e+26,-3.868752605502681e-26,1.7284711074381396e-38,1.4406858763677956e-34,5.791235846616888e-39,1,1,201,822486237184.0,0,0,537047344,285387882
1779334260.885177,left,47459249,165,1246,0,2838,0,0,0,2022,0,3122,0,0,0,3422,0,647,1676,1942,0,1,1,1,0,0,32,17588.623046875,5980.193359375,6074.9775390625,5533.451171875,16360.08203125,1228.541015625,172.48545837402344,53.9415283203125,99.84093475341797,0.2930629849433899,-0.35514456033706665,0.9693087935447693,0.39284563064575195,1.0,1.0281795263290405,3,1,1,1.0,0,0,45166793,44853792
1779334260.989178,left,47509274,165,2044,16128,11,0,0,13056,11,43520,11,0,0,63232,17,54016,53249,36102,10,1792,1,1,0,0,0,32,1.4585734561974725e-37,1.5966099754818928e-25,-3.9158875351329025e+30,-6.54367264805187e-22,12.402681350708008,1.0932832974163125e-14,-4.035942395387877e-23,53416181104640.0,-204335312.0,51188555776.0,-6.869220884763116e+18,1.088723729225638e-11,5.786626975967724e-39,-3.617332725878148e+24,5.8542228112898245e-39,1,1,201,822486237184.0,0,0,537047344,33729642
1779334261.029677,left,47613278,164,5907,3102,3132,0,0,0,6289,467,2583,0,0,0,7269,21953,63232,57605,10,1792,0,0,1,0,0,32,-213299134464.0,-2.380376611428109e-33,3.648281052689872e+21,-4.113062871446221e+36,7.051438426219914e-13,202383.890625,1.6940988493842048e-16,53394836291584.0,3.8631387770771123e+30,6.34504659423789e+37,24360.8203125,6.073434898932595e+31,5.862297093041264e-39,1.0630385460785874e-14,-0.18779084086418152,1,1,201,821122236416.0,0,0,537047344,3372395626
1779334261.066678,left,47662262,164,7037,4291,2651,0,0,0,6341,1312,2306,0,0,0,6389,1000,0,1425,2030,0,1,1,1,0,0,32,25368.203125,8241.310546875,7388.556640625,9738.337890625,16193.0595703125,9175.14453125,248.77708435058594,43.293922424316406,151.47784423828125,0.5326552391052246,-0.08765038102865219,1.2861664295196533,2.390141010284424,1.0,4.625478744506836,4,1,0,0.4156641364097595,0,0,45166793,44853792
1779334261.126178,left,47662262,52156,7037,4291,2651,0,0,0,6341,1312,2306,0,0,0,6389,1000,0,1425,2030,0,1,1,1,0,0,32,25368.203125,8241.310546875,7388.556640625,9738.337890625,16193.0595703125,9175.14453125,248.77708435058594,43.293922424316406,151.47784423828125,0.5326552391052246,-0.08765038102865219,1.2861664295196533,2.390141010284424,1.0,4.625478744506836,4,1,0,0.4156641364097595,0,0,45166793,44853792
1779334261.140677,left,47726254,165,5326,4653,2128,0,0,0,3424,1368,2102,0,0,0,2990,20,0,1287,1033,0,1,1,1,0,0,32,28146.080078125,9854.0009765625,8270.01171875,10022.0703125,15705.837890625,12440.2451171875,276.01873779296875,39.89317321777344,160.67201232910156,0.575315535068512,-0.0022151032462716103,0.6666504144668579,1.3350931406021118,1.0,5.75278902053833,4,1,0,0.9852326512336731,0,0,45166793,44853792
1779334261.186177,left,47774260,164,1232,1132,1529,0,0,0,0,0,1105,0,0,0,0,0,0,0,0,0,1,1,1,0,0,32,26664.501953125,10515.8505859375,7768.80810546875,8379.8447265625,13547.794921875,13116.708984375,261.48944091796875,37.40365982055664,163.97787475585938,0.5906546711921692,0.060327738523483276,0.31952542066574097,1.3028130531311035,1.0,5.661439895629883,4,1,0,0.5978150963783264,0,0,45166793,44853792
1779334261.223677,left,47819865,164,0,0,653,0,0,0,0,0,280,0,0,0,0,0,0,0,0,0,1,1,1,0,0,32,19081.2265625,8197.853515625,5436.47509765625,5446.8994140625,9727.966796875,9353.259765625,187.12290954589844,36.83444595336914,160.32737731933594,0.5737165212631226,0.07462769001722336,-0.37140992283821106,0.3135610520839691,1.0,-8.032429735107421e-25,4,1,0,0.5024820566177368,0,0,45166793,44853792
1779334261.291177,left,47875276,165,0,0,436,0,0,0,0,0,180,0,0,0,0,0,0,0,0,0,1,1,1,0,0,32,12729.345703125,5557.154296875,3631.70849609375,3540.484375,6649.728515625,6079.619140625,124.83223724365234,37.114715576171875,157.49252319335938,0.5605628490447998,0.06758671253919601,-0.23738376796245575,-0.12706822156906128,1.0,2.504661798477173,4,1,0,0.5494219064712524,0,0,45154505,44853792
1779334261.335177,left,47928257,164,0,0,412,0,0,0,0,0,192,0,0,0,0,0,0,0,0,0,1,1,1,0,0,32,8493.8759765625,3764.75048828125,2427.810791015625,2301.315185546875,4542.1240234375,3951.75244140625,83.29646301269531,37.394187927246094,154.7061767578125,0.5476345419883728,0.06058019399642944,-0.2440177947282791,-0.13224586844444275,1.0,1.6145029067993164,4,1,0,0.5961320400238037,0,0,45166793,44853792
1779334261.411177,left,47974072,164,0,0,454,0,0,0,0,40960,0,0,0,0,0,0,0,0,0,1792,0,0,1,0,0,32,1.452472090579925e-37,9.99591629025268e+32,5.539464134787072e+16,-7.157009984659624e-10,0.0007525383844040334,7.171442328868238e-10,-13044554752.0,-1.683464483080325e-16,1.0085860407984748e-23,-2.9848334789276123,-2.39985895447077e+32,-2.95246272073191e+28,1.747988812838795e-38,-210556476719104.0,5.390754328136909e+16,1,0,201,821026816000.0,0,0,537047344,4110593130
1779334261.453677,left,47974072,51368,0,0,454,0,0,0,0,0,160,0,0,0,0,0,0,0,0,0,1,1,1,0,0,32,5736.61962890625,2087.68798828125,1641.076904296875,1495.8548583984375,3167.98046875,2568.63916015625,56.25701904296875,37.77618408203125,150.7642364501953,0.5293441414833069,0.05096888542175293,-0.3992229998111725,-0.20978519320487976,1.0,1.0361584424972534,4,1,0,0.6602074503898621,0,0,45166793,44853792
1779334261.468677,left,48037269,164,0,0,412,0,0,0,0,0,129,0,0,0,0,0,0,0,0,0,1,1,1,0,0,32,3929.002685546875,1833.9971923828125,1122.699951171875,972.3056030273438,2259.38720703125,1669.615478515625,38.53035354614258,38.2603759765625,145.62069702148438,0.5054783225059509,0.03880482539534569,-0.3776416480541229,-0.19247843325138092,1.0,0.6611820459365845,4,1,0,0.7413011789321899,0,0,45166793,44853792
1779334261.493177,left,48037269,52158,0,0,412,0,0,0,0,0,129,0,0,0,0,0,0,0,0,0,1,1,1,0,0,32,3929.002685546875,1833.9971923828125,1122.699951171875,972.3056030273438,2259.38720703125,1669.615478515625,38.53035354614258,38.2603759765625,145.62069702148438,0.5054783225059509,0.03880482539534569,-0.3776416480541229,-0.19247843325138092,1.0,0.6611820459365845,4,1,0,0.7413011789321899,0,0,45166793,44853792
1779334261.538677,left,48132280,16777380,0,54784,0,0,0,0,0,28416,0,0,0,0,0,0,0,0,0,1792,0,0,1,0,553648128,0,-3.7973507463589037e-32,-2.377382618678032e+26,-5.931495677837687e+25,6.215201277665852e+31,6.319158227469691e-39,-9.240791828498099e-36,0.0029577738605439663,2.3925472229630942e-30,1.582376800587901e+34,0.04661855101585388,-3.812691712235084e-26,1.9333786983522627e+33,1.7456761098532732e-38,2.853572368621826e-06,-781665.1875,1,0,201,821774516224.0,0,0,537047344,990030954
1779334261.590677,left,48183090,164,0,0,225,0,0,0,0,0,96,0,0,0,0,0,0,0,0,0,1,1,1,0,0,32,1900.68115234375,947.3438110351562,542.5382690429688,410.79913330078125,1195.2686767578125,705.41259765625,18.639314651489258,39.413185119628906,133.48974609375,0.44919151067733765,0.009843303821980953,-0.5039272904396057,-0.29544323682785034,1.0,0.264537513256073,4,1,0,0.9343779683113098,0,0,45166793,44853792
1779334261.695178,left,48239272,164,0,0,3412,0,0,0,0,0,4683,0,0,0,0,0,0,0,0,0,1,1,1,0,0,32,1353.0426025390625,694.5234375,391.4999084472656,267.0194396972656,894.5245971679688,458.51812744140625,13.268815040588379,40.20063400268555,126.21758270263672,0.4154490828514099,-0.009939282201230526,-0.6005914211273193,-0.35211607813835144,1.0,0.16471196711063385,4,1,0,0.933738112449646,0,0,45166793,44853792
1779334261.712177,left,48294296,164,0,0,7102,1375,0,0,0,0,7227,2560,0,0,0,0,626,736,0,0,1,1,1,0,0,32,3712.72802734375,1645.6402587890625,1893.52490234375,173.56263732910156,3414.691162109375,298.0367736816406,36.409423828125,50.98067092895508,67.91719055175781,0.14493873715400696,-0.2807604968547821,-4.916224956512451,-4.921874523162842,1.0,-0.06730344146490097,3,1,1,0.9358682632446289,0,0,45166793,44853792
1779334261.741677,left,48339897,164,0,0,8086,3882,0,0,0,0,7835,3934,0,0,0,0,1805,2154,636,0,1,1,1,0,0,32,9282.3720703125,4036.6162109375,4656.2412109375,589.5156860351562,9088.6484375,193.72393798828125,91.02896881103516,53.55910110473633,64.21540069580078,0.1277626007795334,-0.3455367386341095,-0.37666139006614685,-1.4205005168914795,1.0,-0.25070157647132874,3,1,1,1.0,0,0,45166793,44853792
1779334261.808177,left,48399285,164,0,0,6026,3032,0,0,334,0,5567,2599,368,342,1322,0,1986,2836,1711,0,1,1,1,0,0,32,14627.79296875,6170.70068359375,6472.65673828125,1991.4351806640625,14501.873046875,125.9205551147461,143.44964599609375,54.724910736083984,70.90252685546875,0.15879054367542267,-0.3748251497745514,0.522461473941803,-0.49317052960395813,1.0,-0.16040757298469543,3,1,1,1.0,0,0,45166793,44853792
1779334261.852677,left,48443513,164,397,0,4538,1374,0,0,1140,0,4356,968,53,628,2263,0,1747,2734,1935,0,1,1,1,0,0,32,18441.81640625,7181.25537109375,7315.9267578125,3944.6328125,18243.06640625,198.7483673095703,180.85243225097656,55.2458610534668,81.75643157958984,0.2091519832611084,-0.3879126310348511,1.1386778354644775,-5.565437338308216e-38,1.0,0.2779639959335327,3,1,1,1.0,0,0,45166793,44853792
1779334261.905177,left,48443513,50929,397,0,4538,1374,0,0,1140,0,4356,968,53,628,2263,0,1747,2734,1935,0,1,1,1,0,0,32,18441.81640625,7181.25537109375,7315.9267578125,3944.6328125,18243.06640625,198.7483673095703,180.85243225097656,55.2458610534668,81.75643157958984,0.2091519832611084,-0.3879126310348511,1.1386778354644775,-0.29590940475463867,1.0,0.2779639959335327,3,1,1,1.0,0,0,45166793,44853792
1779334261.959177,left,48548302,166,1527,0,2594,0,0,0,2252,0,3051,0,0,0,3550,0,415,1282,1991,0,1,1,1,0,1,33,19633.62890625,6875.9658203125,7156.00244140625,5601.6611328125,18966.494140625,667.1364135742188,192.5401153564453,55.152000427246094,92.828857421875,0.2605273425579071,-0.3855544924736023,0.4902743697166443,0.02250368520617485,1.0,0.8174489140510559,3,1,1,1.0,0,0,45166793,44853792
1779334262.032177,left,48599299,165,2262,300,2500,0,0,0,2857,0,2736,0,0,0,4215,0,60,1086,1968,0,1,1,1,0,0,32,18585.509765625,5911.72802734375,6507.4521484375,6166.330078125,16829.220703125,1756.28857421875,182.26158142089844,53.34109115600586,106.61564636230469,0.324497252702713,-0.3400599956512451,1.2543857097625732,0.8921014070510864,1.0,1.388515591621399,3,1,1,1.0,0,0,45166793,44853792
1779334262.055177,left,48599299,51159,2262,300,2500,0,0,0,2857,0,2736,0,0,0,4215,0,60,1086,1968,0,1,1,1,0,0,32,18585.509765625,5911.72802734375,6507.4521484375,6166.330078125,16829.220703125,1756.28857421875,182.26158142089844,53.34109115600586,106.61564636230469,0.324497252702713,-0.3400599956512451,1.2543857097625732,0.8921014070510864,1.0,1.388515591621399,3,1,1,1.0,0,0,45166793,44853792
1779334262.158178,left,48662296,165,3585,1134,2571,0,0,0,4006,0,2532,0,0,0,5251,0,0,1189,2446,0,1,1,1,0,0,32,18443.931640625,0.0003361208946444094,6187.39404296875,6617.36474609375,15405.693359375,3038.237548828125,180.87318420410156,50.762325286865234,120.00838470458984,0.3874247074127197,-0.27527517080307007,0.998896062374115,1.0283795595169067,1.0,1.9780199527740479,3,1,1,0.9175838828086853,0,0,45166793,44853792
1779334262.275177,left,48868293,164,1185,821,1310,0,0,0,0,0,829,0,0,0,0,0,0,0,0,0,1,1,1,0,0,32,25257.0859375,10621.2822265625,7379.41015625,7256.39501953125,12012.2373046875,13244.8505859375,247.68739318847656,35.923583984375,165.5204620361328,0.5978120565414429,0.0975109338760376,0.36227431893348694,1.2928242683410645,1.0,5.456081867218018,4,1,0,0.3499271273612976,0,0,45166793,44853792
1779334262.362177,left,48913311,164,0,0,590,0,0,0,0,0,224,0,0,0,0,0,0,0,0,0,1,1,1,0,0,32,17867.857421875,8064.43408203125,5086.7666015625,4716.65673828125,8556.603515625,9311.2529296875,175.22381591796875,35.48572540283203,162.1944580078125,0.5823796987533569,0.10851087421178818,-0.3428041636943817,0.24434538185596466,1.0,3.7172791957855225,4,1,0,0.27659422159194946,0,0,45166793,44853792
1779334262.377177,left,48965315,164,0,0,451,0,0,0,0,0,205,0,0,0,0,0,0,0,0,0,1,1,1,0,0,32,11899.0068359375,5448.3818359375,3384.79833984375,3065.826904296875,5846.6923828125,6052.31494140625,116.68939208984375,35.76551818847656,159.50389099121094,0.5698955059051514,0.10148174315690994,-0.2400621771812439,-0.13516519963741302,1.0,2.398698091506958,4,1,0,0.3234550952911377,0,0,45166793,44853792
1779334262.462923,left,49017314,164,0,52736,1,0,0,0,0,1536,1,0,0,0,0,0,0,0,0,1792,0,0,1,0,536870912,0,5.706195747906309e+19,206993184.0,1.8352295683143893e-07,1.834454366189675e-07,2.4926292453263413e-27,-12637.46875,-9.190242116843958e+23,-3.827252522616279e-29,6.1832875703093375e+31,-2.365140962336786e+29,-3.654172595692872e-32,-3.306198292029293e-16,1.7470247194953395e-38,6.643990912991171e-16,2.3740246781643604e+29,1,0,201,819368755200.0,0,0,537047344,2734861418
1779334262.503922,left,49067151,164,0,0,479,0,0,0,0,0,231,0,0,0,0,0,0,0,0,0,1,1,1,0,0,32,5425.9453125,2568.746337890625,1561.887451171875,1295.31201171875,2868.8427734375,4.717022511551807e+22,5.873306345994374e+25,2.7579492509199888e-12,249206439936.0,-12047.7578125,-1.2936716975442408e-10,5.506850874924648e-33,6.835954298515755e-41,8.35989263925363e-14,-1.1641383252936066e-06,4,1,0,0.825179398059845,0,0,45166793,44853792
1779334262.542922,left,49067151,51343,0,0,479,0,0,0,0,0,231,0,0,0,0,0,0,0,0,0,1,1,1,0,0,32,5425.9453125,2568.746337890625,1561.887451171875,1295.31201171875,2868.8427734375,2557.10302734375,53.21034622192383,36.699623107910156,151.44598388671875,0.5325074195861816,0.07801482081413269,-0.4418720602989197,-0.27937233448028564,1.0,0.9889180660247803,4,1,0,0.47990119457244873,0,0,45166793,44853792
1779334262.588422,left,49178297,164,0,0,349,0,0,0,0,0,167,0,0,0,0,0,0,0,0,0,1,1,1,0,1,33,3769.4150390625,1831.3853759765625,1096.076904296875,841.9527587890625,2107.2978515625,1662.1170654296875,36.96533203125,37.461727142333984,144.90664672851562,0.5021652579307556,0.058868810534477234,-7.371399802380356e+27,1.7466103555394386e-38,1.4752623374006227e-31,-3283551780864.0,4,1,0,820800585728.0,0,0,45166793,44853792
1779334262.645922,left,49222306,168,0,0,272,0,0,0,0,0,161,0,0,0,0,0,0,0,0,0,1,1,1,0,0,32,2630.719970703125,1312.55029296875,770.8998413085938,547.269287109375,1550.3436279296875,1080.3760986328125,25.79854965209961,38.206790924072266,138.37892150878906,0.47187697887420654,0.04015094041824341,-0.6882292032241821,-0.4253191351890564,1.0,0.3970005512237549,4,1,0,1.5818417072296143,0,0,45166793,44853792
1779334262.691922,left,49222306,181250,0,0,272,0,0,0,0,0,161,0,0,0,0,0,0,0,0,0,1,1,1,0,0,32,2630.719970703125,1312.55029296875,770.8998413085938,547.269287109375,1550.3436279296875,1080.3760986328125,25.79854965209961,38.206790924072266,138.37892150878906,0.47187697887420654,0.04015094041824341,-0.6882292032241821,-0.4253191351890564,1.0,0.3970005512237549,4,1,0,0.7323271036148071,0,0,45166793,44853792
1779334262.706422,left,49284319,164,0,0,273,0,0,0,0,0,162,0,0,0,0,0,0,0,0,0,1,1,1,0,0,32,1862.2177734375,948.7078247070312,557.784912109375,355.72503662109375,1159.9732666015625,702.244384765625,18.262117385864258,39.12725067138672,131.1385955810547,0.4382822513580322,0.01702669821679592,-0.5417410731315613,-0.37289345264434814,1.0,0.2486804723739624,4,1,0,0.886488676071167,0,0,45166793,44853792
1779334262.866435,left,49327938,164,0,0,5100,0,0,0,0,0,5969,125,0,0,0,0,0,0,0,0,1,1,1,0,0,32,1362.691650390625,712.2100830078125,419.26019287109375,231.2212677001953,906.2326049804688,456.45892333984375,13.363439559936523,40.28228759765625,122.05306243896484,0.3961259722709656,-0.011990672908723354,-0.8180285096168518,-0.6652461290359497,1.0,0.15227240324020386,3,1,0,0.9200621843338013,0,0,45166793,44853792
1779334262.983600,left,49540308,164,31,0,3483,673,0,0,910,0,3819,574,0,523,2075,0,1928,3025,2067,0,1,1,1,0,0,32,18547.029296875,7204.63330078125,7278.1953125,4064.201416015625,18351.798828125,195.23077392578125,181.88421630859375,55.40110397338867,81.99671173095703,0.21026688814163208,-0.39181262254714966,0.7738588452339172,-0.272219717502594,1.0,0.2902410924434662,3,1,1,1.0,0,0,46739657,44853792
1779334263.023625,left,49591353,164,69,0,2694,41,0,0,1268,0,3480,9,0,173,2707,0,1486,2714,2275,0,1,1,1,0,0,32,18534.068359375,6148.4619140625,6647.4267578125,5738.18115234375,18077.818359375,456.25,181.75711059570312,1.1113902889510307e+30,93.15095520019531,0.26202189922332764,-1718170.125,1.0138293133522868e-20,1.7512904121505906e-38,-6.803446694902959e-13,5.811899393771822e-39,3,1,1,822486237184.0,0,0,45166793,44853792
1779334263.060127,left,49642332,164,320,0,2533,0,0,0,1731,0,3257,0,0,0,3473,0,1258,2689,2828,0,1,1,1,0,0,32,17967.74609375,4977.900390625,6046.32763671875,6943.517578125,17203.232421875,764.5125122070312,176.20339965820312,56.515235900878906,103.77320861816406,0.31130847334861755,-0.41980236768722534,0.9668015241622925,-0.1992720067501068,1.0,1.2198405265808105,3,1,1,0.5,0,0,45166793,44853792
1779334263.125626,left,49696323,164,1067,0,2503,0,0,0,2739,0,3119,0,0,0,4912,0,1106,2757,3712,0,1,1,1,0,0,32,18018.93359375,4234.18505859375,5675.9130859375,8108.8359375,16804.15234375,1214.7830810546875,176.7053680419922,56.37314987182617,114.13050842285156,0.36058011651039124,-0.4162328243255615,-1.5833236063933066e-22,5.650537073007891e-39,1.0630385460785874e-14,5.8628856383962805e-39,3,1,1,822486237184.0,0,0,45166793,44853792
1779334263.182127,left,49752322,165,59402,31745,10,0,0,32512,17,32768,11,0,0,37632,26,60160,29954,3849,17,1792,0,0,1,0,536870912,3858759680,-1.494033345674713e-34,6.851447810619471e-16,-9.981331463129088e-27,1.0240857376364382e-23,873128129462272.0,-3.885494750620426e-29,1.4688373589488066e-34,0.011862940154969692,12.186698913574219,-1.4080932076938456e+22,-1.20916895877547e+32,-1.5106023092857778e-28,5.788283310752556e-39,0.18701171875,5.885840308540385e-39,1,1,201,822486237184.0,0,0,537047344,2197990506
1779334263.268626,left,49846318,165,5862,3014,2153,0,0,0,4961,937,2266,0,0,0,5008,1170,0,1381,1829,282,1,1,1,0,0,32,24610.287109375,5953.525390625,6767.431640625,11889.33203125,18026.69921875,6583.58935546875,241.34446716308594,48.38296890258789,148.85845947265625,0.520501434803009,4.785052569928583e-17,3.9581159028336685e-23,5.865248227607132e-39,-9.710203597748237e+32,-1.5926664963015098e-22,4,1,1,821276442624.0,0,0,45166793,44853792
1779334263.336125,left,49846318,51189,5862,3014,2153,0,0,0,4961,937,2266,0,0,0,5008,1170,0,1381,1829,282,1,1,1,0,0,32,24610.287109375,5953.525390625,6767.431640625,11889.33203125,18026.69921875,6583.58935546875,241.34446716308594,48.38296890258789,148.85845947265625,0.520501434803009,-0.215499609708786,0.9027426242828369,1.7337982654571533,1.0,4.332636833190918,4,1,1,0.718330979347229,0,0,45166793,44853792
1779334263.350625,left,49909344,165,3717,3366,1835,0,0,0,1645,49607,6,0,0,58368,5,0,0,22787,2,1792,0,0,1,0,0,32,9.166687335317707e-19,574557.9375,6.0173123236671795e-31,3.9021553925895775e-20,-1.1615889719748417e-17,2.6328985189634235e-18,7.352189197081298e+25,-6.873288276331441e-29,6.670916235501916e+23,1.1805666089460857e-31,0.28660517930984497,-8.766072966375772e-29,2.2887407817817237e-41,-1.8936510533186093e+20,-387583083282432.0,1,0,201,0.8251716494560242,0,0,1780482737,3779461804
1779334263.426626,left,49951149,164,94,0,113,0,0,0,0,0,713,0,0,0,0,0,0,0,0,0,1,1,1,0,0,32,21832.36328125,7639.22412109375,6094.884765625,8098.25537109375,12801.373046875,9030.990234375,214.1023406982422,41.18909454345703,158.4727020263672,0.5651108622550964,-0.034771762788295746,0.21171946823596954,5.8730282366810635e-39,-0.011688232421875,-3.9989695637359295e+36,4,1,0,821490548736.0,0,0,45166793,44853792
1779334263.518132,left,50057357,165,0,0,683,0,0,0,0,0,424,0,0,0,0,0,0,0,0,0,1,1,1,0,0,32,10071.0341796875,-9.802241042587552e+29,7.346481538661465e-07,3.9086288422804814e+30,-7.025881612610085e-13,-2.9420368719002e-06,-9.377910259867894e-33,776.6139526367188,1.1089269259800805e-11,-6.199085762628747e+34,1.9115571143982628e-26,7.714223337242445e-26,1.7479889529686414e-38,-3.776671583745594e-29,-4.3632056301312616e-11,4,1,0,821034024960.0,0,0,45166793,44853792
1779334263.658202,left,50164352,164,0,0,580,0,0,0,0,14592,1,0,0,0,0,0,0,0,0,1792,0,0,1,0,0,32,-1.0711677085470776e-17,2.4968610345272052e+32,-1.3842151314030592e+16,1.6341681929830577e+37,-1.0004062709423703e+33,3.6144899209606255e-38,2.394286390365023e-30,-5.596529578542629e+19,2.7716086804102646e-12,-6.16927191813895e-25,1.914474050854834e-26,-1.1827581480124222e+29,1.7488188019192145e-38,9.04333181469537e+23,1.34558104158208e+16,1,0,201,820336328704.0,0,0,537047344,1006808170
1779334263.698273,left,50266346,165,0,0,247,0,0,0,0,0,235,0,0,0,0,0,0,0,0,0,1,1,1,0,0,32,2513.34423828125,1113.4080810546875,789.1751098632812,610.761474609375,1828.4195556640625,684.9248046875,24.647485733032227,44.06279754638672,121.12995147705078,0.39222338795661926,-0.10696618258953094,-0.7745464444160461,-0.38403335213661194,1.0,0.2758786082267761,3,1,0,0.2868921160697937,0,0,45166793,44853792
1779334263.749745,left,50323354,164,0,0,218,0,0,0,0,0,261,0,0,0,0,0,0,235,0,0,1,1,1,0,0,32,1811.4742431640625,810.1653442382812,604.3137817382812,396.9949645996094,1366.2728271484375,445.2011413574219,17.764493942260742,44.92035675048828,114.20467376708984,0.35970988869667053,-0.1285107135772705,-0.5703322291374207,-0.3779211938381195,1.0,0.16831421852111816,3,1,0,0.14326196908950806,0,0,45166793,44853792
1779334263.795745,left,50368339,167,0,0,3618,1024,0,0,0,0,3795,1241,0,0,0,0,1097,1993,23,0,1,1,1,0,0,32,1437.5081787109375,613.0574951171875,484.1539306640625,340.2967224121094,1148.1275634765625,289.3807373046875,14.097139358520508,47.40663146972656,108.49298095703125,0.3332079350948334,-0.19097177684307098,-0.5891286730766296,-1.3884865045547485,1.0,0.11386972665786743,3,1,1,0.636572539806366,0,0,45166793,44853792
1779334263.876246,left,50422357,164,351,1033,4314,1422,0,0,561,0,3642,1474,34,264,837,0,1431,2320,920,0,1,1,1,0,0,32,5357.68017578125,2023.187255859375,2023.7501220703125,1310.7427978515625,5169.58251953125,188.09747314453125,52.5408935546875,55.369876861572266,83.89570617675781,0.21907807886600494,-0.39102816581726074,-2.11281156539917,-3.7035136222839355,1.0,0.1082497090101242,3,1,1,1.0,0,0,45166793,44853792
1779334264.072687,left,50529359,164,1302,2092,3276,431,0,0,1303,0,2378,247,0,636,1601,0,1290,2447,996,0,1,1,1,0,0,32,14020.5576171875,5483.1962890625,4638.744140625,3898.6162109375,-4.29331188656068e-11,-1.7082280206888966e-16,-6.76670798759819e-16,1.4274516262397126e-37,-3.680473624999447e+24,3.9427671939729643e-23,-1.0984768553928675e+20,3.5309420161985476e+21,5.838587123024888e-39,50200576.0,6.805032882681306e-13,3,1,1,822166683648.0,0,0,45166793,44853792
1779334264.109687,left,50581373,164,768,1530,2243,0,0,0,988,0,1861,0,0,230,1812,0,1376,2456,1327,0,1,1,1,0,0,32,15197.41015625,5862.52734375,4553.7841796875,4781.1005859375,12525.0390625,2672.373046875,149.03567504882812,49.52619171142578,117.41153717041016,0.3745894730091095,-0.24422040581703186,0.8521038293838501,0.6432847380638123,1.0,1.5289932489395142,3,1,1,0.8140679597854614,0,0,45166793,44853792
