Ê±¼ä,L1(g),L2(g),L3(g),L4(g),L5(g),L6(g),L7(g),L8(g),L9(g),L10(g),L11(g),L12(g),L13(g),L14(g),L15(g),L16(g),L17(g),L18(g),R1(g),R2(g),R3(g),R4(g),R5(g),R6(g),R7(g),R8(g),R9(g),R10(g),R11(g),R12(g),R13(g),R14(g),R15(g),R16(g),R17(g),R18(g),,,,,,,,,,,,,,,,,,,,,,,,,,,,,,,,,,,,,
2026-05-14 22:45:53,0,0,1162,0,0,0,0,0,581,0,0,0,0,0,0,0,0,0,,,,,,,,,,,,,,,,,,
2026-05-14 22:45:53,0,0,1162,0,0,0,0,0,581,0,0,0,0,0,0,0,0,0,,,,,,,,,,,,,,,,,,
2026-05-14 22:45:53,0,0,1162,0,0,0,0,0,581,0,0,0,0,0,0,0,0,0,,,,,,,,,,,,,,,,,,
2026-05-14 22:45:53,0,0,1184,0,0,0,0,0,581,0,0,0,0,0,0,0,0,0,,,,,,,,,,,,,,,,,,
2026-05-14 22:45:53,0,0,1184,0,0,0,0,0,581,0,0,0,0,0,0,0,0,0,,,,,,,,,,,,,,,,,,
2026-05-14 22:45:53,0,0,1184,0,0,0,0,0,581,0,0,0,0,0,0,0,0,0,,,,,,,,,,,,,,,,,,
2026-05-14 22:45:53,0,0,1184,0,0,0,0,0,570,0,0,0,0,0,0,0,0,0,,,,,,,,,,,,,,,,,,
2026-05-14 22:45:53,0,0,1185,0,0,0,0,0,581,0,0,0,0,0,0,0,0,0,,,,,,,,,,,,,,,,,,
2026-05-14 22:45:53,0,0,1162,0,0,0,0,0,581,0,0,0,0,0,0,0,0,0,,,,,,,,,,,,,,,,,,
2026-05-14 22:45:53,0,0,1174,0,0,0,0,0,549,0,0,0,0,0,0,0,0,0,,,,,,,,,,,,,,,,,,
2026-05-14 22:45:53,0,0,1174,0,0,0,0,0,571,0,0,0,0,0,0,0,0,0,,,,,,,,,,,,,,,,,,
2026-05-14 22:45:53,0,0,1174,0,0,0,0,0,571,0,0,0,0,0,0,0,0,0,,,,,,,,,,,,,,,,,,
2026-05-14 22:45:54,0,0,1185,0,0,0,0,0,571,0,0,0,0,0,0,0,0,0,,,,,,,,,,,,,,,,,,
2026-05-14 22:45:54,0,0,1196,0,0,0,0,0,581,0,0,0,0,0,0,0,0,0,,,,,,,,,,,,,,,,,,
2026-05-14 22:45:54,0,0,1196,0,0,0,0,0,569,0,0,0,0,0,0,0,0,0,,,,,,,,,,,,,,,,,,
2026-05-14 22:45:54,0,0,1196,0,0,0,0,0,581,0,0,0,0,0,0,0,0,0,,,,,,,,,,,,,,,,,,
2026-05-14 22:45:54,0,0,1185,0,0,0,0,0,571,0,0,0,0,0,0,0,0,0,,,,,,,,,,,,,,,,,,
2026-05-14 22:45:54,0,0,1184,0,0,0,0,0,569,0,0,0,0,0,0,0,0,0,,,,,,,,,,,,,,,,,,
2026-05-14 22:45:54,0,0,1184,0,0,0,0,0,569,0,0,0,0,0,0,0,0,0,,,,,,,,,,,,,,,,,,
2026-05-14 22:45:54,0,0,1185,0,0,0,0,0,570,0,0,0,0,0,0,0,0,0,,,,,,,,,,,,,,,,,,
2026-05-14 22:45:54,0,0,1185,0,0,0,0,0,571,0,0,0,0,0,0,0,0,0,,,,,,,,,,,,,,,,,,
2026-05-14 22:45:54,0,0,1184,0,0,0,0,0,570,0,0,0,0,0,0,0,0,0,,,,,,,,,,,,,,,,,,
2026-05-14 22:45:54,0,0,1153,0,0,0,0,0,570,0,0,0,0,0,0,0,0,0,,,,,,,,,,,,,,,,,,
2026-05-14 22:45:54,0,0,1195,0,0,0,0,0,581,0,0,0,0,0,0,0,0,0,,,,,,,,,,,,,,,,,,
2026-05-14 22:45:54,0,0,1195,0,0,0,0,0,581,0,0,0,0,0,0,0,0,0,,,,,,,,,,,,,,,,,,
2026-05-14 22:45:54,0,0,1186,0,0,0,0,0,581,0,0,0,0,0,0,0,0,0,,,,,,,,,,,,,,,,,,
2026-05-14 22:45:54,0,0,1185,0,0,0,0,0,571,0,0,0,0,0,0,0,0,0,,,,,,,,,,,,,,,,,,
2026-05-14 22:45:54,0,0,1195,0,0,0,0,0,570,0,0,0,0,0,0,0,0,0,,,,,,,,,,,,,,,,,,
2026-05-14 22:45:54,0,0,1185,0,0,0,0,0,571,0,0,0,0,0,0,0,0,0,,,,,,,,,,,,,,,,,,
2026-05-14 22:45:54,0,0,1184,0,0,0,0,0,571,0,0,0,0,0,0,0,0,0,,,,,,,,,,,,,,,,,,
2026-05-14 22:45:54,0,0,1184,0,0,0,0,0,571,0,0,0,0,0,0,0,0,0,,,,,,,,,,,,,,,,,,
2026-05-14 22:45:54,0,0,1195,0,0,0,0,0,570,0,0,0,0,0,0,0,0,0,,,,,,,,,,,,,,,,,,
2026-05-14 22:45:55,0,0,1195,0,0,0,0,0,549,0,0,0,0,0,0,0,0,0,,,,,,,,,,,,,,,,,,
2026-05-14 22:45:55,0,0,1185,0,0,0,0,0,570,0,0,0,0,0,0,0,0,0,,,,,,,,,,,,,,,,,,
2026-05-14 22:45:55,0,0,1185,0,0,0,0,0,571,0,0,0,0,0,0,0,0,0,,,,,,,,,,,,,,,,,,
2026-05-14 22:45:55,0,0,1185,0,0,0,0,0,571,0,0,0,0,0,0,0,0,0,,,,,,,,,,,,,,,,,,
2026-05-14 22:45:55,0,0,1185,0,0,0,0,0,571,0,0,0,0,0,0,0,0,0,,,,,,,,,,,,,,,,,,
2026-05-14 22:45:55,0,0,1197,0,0,0,0,0,549,0,0,0,0,0,0,0,0,0,,,,,,,,,,,,,,,,,,
2026-05-14 22:45:55,0,0,1198,0,0,0,0,0,582,0,0,0,0,0,0,0,0,0,,,,,,,,,,,,,,,,,,
2026-05-14 22:45:55,0,0,1197,0,0,0,0,0,571,0,0,0,0,0,0,0,0,0,,,,,,,,,,,,,,,,,,
2026-05-14 22:45:55,0,0,1196,0,0,0,0,0,571,0,0,0,0,0,0,0,0,0,,,,,,,,,,,,,,,,,,
2026-05-14 22:45:55,0,0,1196,0,0,0,0,0,571,0,0,0,0,0,0,0,0,0,,,,,,,,,,,,,,,,,,
2026-05-14 22:45:55,0,0,1196,0,0,0,0,0,571,0,0,0,0,0,0,0,0,0,,,,,,,,,,,,,,,,,,
2026-05-14 22:45:55,0,0,1197,0,0,0,0,0,571,0,0,0,0,0,0,0,0,0,,,,,,,,,,,,,,,,,,
2026-05-14 22:45:55,0,0,1197,0,0,0,0,0,571,0,0,0,0,0,0,0,0,0,,,,,,,,,,,,,,,,,,
2026-05-14 22:45:55,0,0,1197,0,0,0,0,0,571,0,0,0,0,0,0,0,0,0,,,,,,,,,,,,,,,,,,
2026-05-14 22:45:55,0,0,1197,0,0,0,0,0,570,0,0,0,0,0,0,0,0,0,,,,,,,,,,,,,,,,,,
2026-05-14 22:45:55,0,0,1197,0,0,0,0,0,571,0,0,0,0,0,0,0,0,0,,,,,,,,,,,,,,,,,,
2026-05-14 22:45:55,0,0,1194,0,0,0,0,0,570,0,0,0,0,0,0,0,0,0,,,,,,,,,,,,,,,,,,
2026-05-14 22:45:55,0,0,1198,0,0,0,0,0,569,0,0,0,0,0,0,0,0,0,,,,,,,,,,,,,,,,,,
2026-05-14 22:45:55,0,0,1198,0,0,0,0,0,569,0,0,0,0,0,0,0,0,0,,,,,,,,,,,,,,,,,,
2026-05-14 22:45:55,0,0,1208,0,0,0,0,0,581,0,0,0,0,0,0,0,0,0,,,,,,,,,,,,,,,,,,
2026-05-14 22:45:56,0,0,1198,0,0,0,0,0,570,0,0,0,0,0,0,0,0,0,,,,,,,,,,,,,,,,,,
2026-05-14 22:45:56,0,0,1175,0,0,0,0,0,570,0,0,0,0,0,0,0,0,0,,,,,,,,,,,,,,,,,,
2026-05-14 22:45:56,0,0,1175,0,0,0,0,0,570,0,0,0,0,0,0,0,0,0,,,,,,,,,,,,,,,,,,
2026-05-14 22:45:56,0,0,1197,0,0,0,0,0,570,0,0,0,0,0,0,0,0,0,,,,,,,,,,,,,,,,,,
2026-05-14 22:45:56,0,0,1196,0,0,0,0,0,570,0,0,0,0,0,0,0,0,0,,,,,,,,,,,,,,,,,,
2026-05-14 22:45:56,0,0,1196,0,0,0,0,0,570,0,0,0,0,0,0,0,0,0,,,,,,,,,,,,,,,,,,
2026-05-14 22:45:56,0,0,1176,0,0,0,0,0,569,0,0,0,0,0,0,0,0,0,,,,,,,,,,,,,,,,,,
2026-05-14 22:45:56,0,0,1196,0,0,0,0,0,559,0,0,0,0,0,0,0,0,0,,,,,,,,,,,,,,,,,,
2026-05-14 22:45:56,0,0,1196,0,0,0,0,0,569,0,0,0,0,0,0,0,0,0,,,,,,,,,,,,,,,,,,
2026-05-14 22:45:56,0,0,1196,0,0,0,0,0,569,0,0,0,0,0,0,0,0,0,,,,,,,,,,,,,,,,,,
2026-05-14 22:45:56,0,0,1197,0,0,0,0,0,569,0,0,0,0,0,0,0,0,0,,,,,,,,,,,,,,,,,,
2026-05-14 22:45:56,0,0,1197,0,0,0,0,0,569,0,0,0,0,0,0,0,0,0,,,,,,,,,,,,,,,,,,
2026-05-14 22:45:56,0,0,1196,0,0,0,0,0,569,0,0,0,0,0,0,0,0,0,,,,,,,,,,,,,,,,,,
2026-05-14 22:45:56,0,0,1196,0,0,0,0,0,569,0,0,0,0,0,0,0,0,0,,,,,,,,,,,,,,,,,,
2026-05-14 22:45:56,0,0,1196,0,0,0,0,0,569,0,0,0,0,0,0,0,0,0,,,,,,,,,,,,,,,,,,
2026-05-14 22:45:56,0,0,1175,0,0,0,0,0,569,0,0,0,0,0,0,0,0,0,,,,,,,,,,,,,,,,,,
2026-05-14 22:45:56,0,0,1196,0,0,0,0,0,548,0,0,0,0,0,0,0,0,0,,,,,,,,,,,,,,,,,,
2026-05-14 22:45:56,0,0,1195,0,0,0,0,0,568,0,0,0,0,0,0,0,0,0,,,,,,,,,,,,,,,,,,
2026-05-14 22:45:56,0,0,1207,0,0,0,0,0,556,0,0,0,0,0,0,0,0,0,,,,,,,,,,,,,,,,,,
2026-05-14 22:45:56,0,0,1207,0,0,0,0,0,568,0,0,0,0,0,0,0,0,0,,,,,,,,,,,,,,,,,,
2026-05-14 22:45:57,0,0,1207,0,0,0,0,0,568,0,0,0,0,0,0,0,0,0,,,,,,,,,,,,,,,,,,
2026-05-14 22:45:57,0,0,1196,0,0,0,0,0,569,0,0,0,0,0,0,0,0,0,,,,,,,,,,,,,,,,,,
2026-05-14 22:45:57,0,0,1207,0,0,0,0,0,558,0,0,0,0,0,0,0,0,0,,,,,,,,,,,,,,,,,,
2026-05-14 22:45:57,0,0,1176,0,0,0,0,0,569,0,0,0,0,0,0,0,0,0,,,,,,,,,,,,,,,,,,
2026-05-14 22:45:57,0,0,1207,0,0,0,0,0,568,0,0,0,0,0,0,0,0,0,,,,,,,,,,,,,,,,,,
2026-05-14 22:45:57,0,0,1197,0,0,0,0,0,569,0,0,0,0,0,0,0,0,0,,,,,,,,,,,,,,,,,,
2026-05-14 22:45:57,0,0,1196,0,0,0,0,0,569,0,0,0,0,0,0,0,0,0,,,,,,,,,,,,,,,,,,
2026-05-14 22:45:57,0,0,1196,0,0,0,0,0,569,0,0,0,0,0,0,0,0,0,,,,,,,,,,,,,,,,,,
2026-05-14 22:45:57,0,0,1197,0,0,0,0,0,569,0,0,0,0,0,0,0,0,0,,,,,,,,,,,,,,,,,,
2026-05-14 22:45:57,0,0,1197,0,0,0,0,0,558,0,0,0,0,0,0,0,0,0,,,,,,,,,,,,,,,,,,
2026-05-14 22:45:57,0,0,1197,0,0,0,0,0,569,0,0,0,0,0,0,0,0,0,,,,,,,,,,,,,,,,,,
2026-05-14 22:45:57,0,0,1194,0,0,0,0,0,569,0,0,0,0,0,0,0,0,0,,,,,,,,,,,,,,,,,,
2026-05-14 22:45:57,0,0,1196,0,0,0,0,0,566,0,0,0,0,0,0,0,0,0,,,,,,,,,,,,,,,,,,
2026-05-14 22:45:57,0,0,1196,0,0,0,0,0,566,0,0,0,0,0,0,0,0,0,,,,,,,,,,,,,,,,,,
2026-05-14 22:45:57,0,0,1197,0,0,0,0,0,569,0,0,0,0,0,0,0,0,0,,,,,,,,,,,,,,,,,,
2026-05-14 22:45:57,0,0,1196,0,0,0,0,0,558,0,0,0,0,0,0,0,0,0,,,,,,,,,,,,,,,,,,
2026-05-14 22:45:57,0,0,1197,0,0,0,0,0,580,0,0,0,0,0,0,0,0,0,,,,,,,,,,,,,,,,,,
2026-05-14 22:45:57,0,0,1197,0,0,0,0,0,569,0,0,0,0,0,0,0,0,0,,,,,,,,,,,,,,,,,,
2026-05-14 22:45:57,0,0,1198,0,0,0,0,0,569,0,0,0,0,0,0,0,0,0,,,,,,,,,,,,,,,,,,
2026-05-14 22:45:57,0,0,1198,0,0,0,0,0,569,0,0,0,0,0,0,0,0,0,,,,,,,,,,,,,,,,,,
2026-05-14 22:45:58,0,0,1196,0,0,0,0,0,569,0,0,0,0,0,0,0,0,0,,,,,,,,,,,,,,,,,,
2026-05-14 22:45:58,0,0,1207,0,0,0,0,0,569,0,0,0,0,0,0,0,0,0,,,,,,,,,,,,,,,,,,
2026-05-14 22:45:58,0,0,1207,0,0,0,0,0,569,0,0,0,0,0,0,0,0,0,,,,,,,,,,,,,,,,,,
2026-05-14 22:45:58,0,0,1207,0,0,0,0,0,569,0,0,0,0,0,0,0,0,0,,,,,,,,,,,,,,,,,,
2026-05-14 22:45:58,0,0,1207,0,0,0,0,0,569,0,0,0,0,0,0,0,0,0,,,,,,,,,,,,,,,,,,
2026-05-14 22:45:58,0,0,1197,0,0,0,0,0,569,0,0,0,0,0,0,0,0,0,,,,,,,,,,,,,,,,,,
2026-05-14 22:45:58,0,0,1197,0,0,0,0,0,569,0,0,0,0,0,0,0,0,0,,,,,,,,,,,,,,,,,,
2026-05-14 22:45:58,0,0,1207,0,0,0,0,0,568,0,0,0,0,0,0,0,0,0,,,,,,,,,,,,,,,,,,
2026-05-14 22:45:58,0,0,1208,0,0,0,0,0,578,0,0,0,0,0,0,0,0,0,,,,,,,,,,,,,,,,,,
2026-05-14 22:45:58,0,0,1207,0,0,0,0,0,569,0,0,0,0,0,0,0,0,0,,,,,,,,,,,,,,,,,,
2026-05-14 22:45:58,0,0,1196,0,0,0,0,0,568,0,0,0,0,0,0,0,0,0,,,,,,,,,,,,,,,,,,
2026-05-14 22:45:58,0,0,1196,0,0,0,0,0,569,0,0,0,0,0,0,0,0,0,,,,,,,,,,,,,,,,,,
2026-05-14 22:45:58,0,0,1194,0,0,0,0,0,569,0,0,0,0,0,0,0,0,0,,,,,,,,,,,,,,,,,,
2026-05-14 22:45:58,0,0,1194,0,0,0,0,0,569,0,0,0,0,0,0,0,0,0,,,,,,,,,,,,,,,,,,
2026-05-14 22:45:58,0,0,1185,0,0,0,0,0,567,0,0,0,0,0,0,0,0,0,,,,,,,,,,,,,,,,,,
2026-05-14 22:45:58,0,0,1195,0,0,0,0,0,569,0,0,0,0,0,0,0,0,0,,,,,,,,,,,,,,,,,,
2026-05-14 22:45:58,0,0,1195,0,0,0,0,0,569,0,0,0,0,0,0,0,0,0,,,,,,,,,,,,,,,,,,
2026-05-14 22:45:58,0,0,1195,0,0,0,0,0,579,0,0,0,0,0,0,0,0,0,,,,,,,,,,,,,,,,,,
2026-05-14 22:45:58,0,0,1162,0,0,0,0,0,580,0,0,0,0,0,0,0,0,0,,,,,,,,,,,,,,,,,,
2026-05-14 22:45:58,0,0,1162,0,0,0,0,0,580,0,0,0,0,0,0,0,0,0,,,,,,,,,,,,,,,,,,
2026-05-14 22:45:59,0,0,1197,0,0,0,0,0,581,0,0,0,0,0,0,0,0,0,,,,,,,,,,,,,,,,,,
2026-05-14 22:45:59,0,0,1185,0,0,0,0,0,571,0,0,0,0,0,0,0,0,0,,,,,,,,,,,,,,,,,,
2026-05-14 22:45:59,0,0,1164,0,0,0,0,0,581,0,0,0,0,0,0,0,0,0,,,,,,,,,,,,,,,,,,
2026-05-14 22:45:59,0,0,1175,0,0,0,0,0,549,0,0,0,0,0,0,0,0,0,,,,,,,,,,,,,,,,,,
2026-05-14 22:45:59,0,0,1175,0,0,0,0,0,549,0,0,0,0,0,0,0,0,0,,,,,,,,,,,,,,,,,,
2026-05-14 22:45:59,0,0,1185,0,0,0,0,0,570,0,0,0,0,0,0,0,0,0,,,,,,,,,,,,,,,,,,
2026-05-14 22:45:59,0,0,1185,0,0,0,0,0,570,0,0,0,0,0,0,0,0,0,,,,,,,,,,,,,,,,,,
2026-05-14 22:45:59,0,0,1171,0,0,0,0,0,581,0,0,0,0,0,0,0,0,0,,,,,,,,,,,,,,,,,,
2026-05-14 22:45:59,0,0,1185,0,0,0,0,0,580,0,0,0,0,0,0,0,0,0,,,,,,,,,,,,,,,,,,
2026-05-14 22:45:59,0,0,1185,0,0,0,0,0,581,0,0,0,0,0,0,0,0,0,,,,,,,,,,,,,,,,,,
2026-05-14 22:45:59,0,0,1185,0,0,0,0,0,582,0,0,0,0,0,0,0,0,0,,,,,,,,,,,,,,,,,,
2026-05-14 22:45:59,0,0,1196,0,0,0,0,0,582,0,0,0,0,0,0,0,0,0,,,,,,,,,,,,,,,,,,
2026-05-14 22:45:59,0,0,1176,0,0,0,0,0,582,0,0,0,0,0,0,0,0,0,,,,,,,,,,,,,,,,,,
2026-05-14 22:45:59,0,0,1176,0,0,0,0,0,582,0,0,0,0,0,0,0,0,0,,,,,,,,,,,,,,,,,,
2026-05-14 22:45:59,0,0,1185,0,0,0,0,0,582,0,0,0,0,0,0,0,0,0,,,,,,,,,,,,,,,,,,
2026-05-14 22:45:59,0,0,1183,0,0,0,0,0,582,0,0,0,0,0,0,0,0,0,,,,,,,,,,,,,,,,,,
2026-05-14 22:45:59,0,0,1185,0,0,0,0,0,581,0,0,0,0,0,0,0,0,0,,,,,,,,,,,,,,,,,,
2026-05-14 22:45:59,0,0,1196,0,0,0,0,0,592,0,0,0,0,0,0,0,0,0,,,,,,,,,,,,,,,,,,
2026-05-14 22:45:59,0,0,1186,0,0,0,0,0,583,0,0,0,0,0,0,0,0,0,,,,,,,,,,,,,,,,,,
2026-05-14 22:45:59,0,0,1186,0,0,0,0,0,583,0,0,0,0,0,0,0,0,0,,,,,,,,,,,,,,,,,,
2026-05-14 22:46:00,0,0,1196,0,0,0,0,0,582,0,0,0,0,0,0,0,0,0,,,,,,,,,,,,,,,,,,
2026-05-14 22:46:00,0,0,1185,0,0,0,0,0,551,0,0,0,0,0,0,0,0,0,,,,,,,,,,,,,,,,,,
2026-05-14 22:46:00,0,0,1196,0,0,0,0,0,582,0,0,0,0,0,0,0,0,0,,,,,,,,,,,,,,,,,,
2026-05-14 22:46:00,0,0,1196,0,0,0,0,0,593,0,0,0,0,0,0,0,0,0,,,,,,,,,,,,,,,,,,
2026-05-14 22:46:00,0,0,1164,0,0,0,0,0,593,0,0,0,0,0,0,0,0,0,,,,,,,,,,,,,,,,,,
2026-05-14 22:57:59,0,0,3173,0,0,0,0,0,1835,32,0,0,0,0,0,0,0,0,,,,,,,,,,,,,,,,,,
2026-05-14 22:57:59,0,0,3164,0,0,0,0,0,1813,32,0,0,0,0,0,0,0,0,,,,,,,,,,,,,,,,,,
2026-05-14 22:57:59,0,0,3175,0,0,0,0,0,1825,21,0,0,0,0,0,0,0,0,,,,,,,,,,,,,,,,,,
2026-05-14 22:57:59,0,0,3185,0,0,0,0,0,1835,32,0,0,0,0,0,0,0,0,,,,,,,,,,,,,,,,,,
2026-05-14 22:57:59,0,0,3185,0,0,0,0,0,1835,32,0,0,0,0,0,0,0,0,,,,,,,,,,,,,,,,,,
2026-05-14 22:57:59,0,0,3185,0,0,0,0,0,1835,32,0,0,0,0,0,0,0,0,,,,,,,,,,,,,,,,,,
2026-05-14 22:57:59,0,0,3186,0,0,0,0,0,1833,31,0,0,0,0,0,0,0,0,,,,,,,,,,,,,,,,,,
2026-05-14 22:57:59,0,0,3186,0,0,0,0,0,1835,32,0,0,0,0,0,0,0,0,,,,,,,,,,,,,,,,,,
2026-05-14 22:57:59,0,0,3188,0,0,0,0,0,1836,21,0,0,0,0,0,0,0,0,,,,,,,,,,,,,,,,,,
2026-05-14 22:58:00,0,0,3151,0,0,0,0,0,1846,43,0,0,0,0,0,0,0,0,,,,,,,,,,,,,,,,,,
2026-05-14 22:58:00,0,0,3175,0,0,0,0,0,1804,33,0,0,0,0,0,0,0,0,,,,,,,,,,,,,,,,,,
2026-05-14 22:58:00,0,0,3175,0,0,0,0,0,1804,33,0,0,0,0,0,0,0,0,,,,,,,,,,,,,,,,,,
2026-05-14 22:58:00,0,0,3183,0,0,0,0,0,1836,33,0,0,0,0,0,0,0,0,,,,,,,,,,,,,,,,,,
2026-05-14 22:58:00,0,0,3185,0,0,0,0,0,1848,33,0,0,0,0,0,0,0,0,,,,,,,,,,,,,,,,,,
2026-05-14 22:58:00,0,0,3172,0,0,0,0,0,1836,33,0,0,0,0,0,0,0,0,,,,,,,,,,,,,,,,,,
2026-05-14 22:58:00,0,0,3185,0,0,0,0,0,1838,33,0,0,0,0,0,0,0,0,,,,,,,,,,,,,,,,,,
2026-05-14 22:58:00,0,0,3186,0,0,0,0,0,1849,33,0,0,0,0,0,0,0,0,,,,,,,,,,,,,,,,,,
2026-05-14 22:58:00,0,0,3186,0,0,0,0,0,1849,33,0,0,0,0,0,0,0,0,,,,,,,,,,,,,,,,,,
2026-05-14 22:58:00,0,0,3180,0,0,0,0,0,1849,33,0,0,0,0,0,0,0,0,,,,,,,,,,,,,,,,,,
2026-05-14 22:58:00,0,0,3180,0,0,0,0,0,1849,33,0,0,0,0,0,0,0,0,,,,,,,,,,,,,,,,,,
2026-05-14 22:58:00,0,0,3175,0,0,0,0,0,1849,44,0,0,0,0,0,0,0,0,,,,,,,,,,,,,,,,,,
2026-05-14 22:58:00,0,0,3185,0,0,0,0,0,1849,33,0,0,0,0,0,0,0,0,,,,,,,,,,,,,,,,,,
2026-05-14 22:58:00,0,0,3186,0,0,0,0,0,1848,33,0,0,0,0,0,0,0,0,,,,,,,,,,,,,,,,,,
2026-05-14 22:58:00,0,0,3185,0,0,0,0,0,1814,33,0,0,0,0,0,0,0,0,,,,,,,,,,,,,,,,,,
2026-05-14 22:58:00,0,0,3185,0,0,0,0,0,1814,33,0,0,0,0,0,0,0,0,,,,,,,,,,,,,,,,,,
2026-05-14 22:58:00,0,0,3186,0,0,0,0,0,1848,33,0,0,0,0,0,0,0,0,,,,,,,,,,,,,,,,,,
2026-05-14 22:58:00,0,0,3173,0,0,0,0,0,1838,33,0,0,0,0,0,0,0,0,,,,,,,,,,,,,,,,,,
2026-05-14 22:58:00,0,0,3180,0,0,0,0,0,1849,33,0,0,0,0,0,0,0,0,,,,,,,,,,,,,,,,,,
2026-05-14 22:58:00,0,0,3175,0,0,0,0,0,1845,31,0,0,0,0,0,0,0,0,,,,,,,,,,,,,,,,,,
2026-05-14 22:58:01,0,0,3186,0,0,0,0,0,1850,45,0,0,0,0,0,0,0,0,,,,,,,,,,,,,,,,,,
2026-05-14 22:58:01,0,0,3186,0,0,0,0,0,1850,45,0,0,0,0,0,0,0,0,,,,,,,,,,,,,,,,,,
2026-05-14 22:58:01,0,0,3186,0,0,0,0,0,1849,33,0,0,0,0,0,0,0,0,,,,,,,,,,,,,,,,,,
2026-05-14 22:58:01,0,0,3164,0,0,0,0,0,1850,34,0,0,0,0,0,0,0,0,,,,,,,,,,,,,,,,,,
2026-05-14 22:58:01,0,0,3188,0,0,0,0,0,1816,34,0,0,0,0,0,0,0,0,,,,,,,,,,,,,,,,,,
2026-05-14 22:58:01,0,0,3188,0,0,0,0,0,1839,34,0,0,0,0,0,0,0,0,,,,,,,,,,,,,,,,,,
2026-05-14 22:58:01,0,0,3188,0,0,0,0,0,1839,34,0,0,0,0,0,0,0,0,,,,,,,,,,,,,,,,,,
2026-05-14 22:58:01,0,0,3188,0,0,0,0,0,1839,34,0,0,0,0,0,0,0,0,,,,,,,,,,,,,,,,,,
2026-05-14 22:58:01,0,0,3165,0,0,0,0,0,1850,45,0,0,0,0,0,0,0,0,,,,,,,,,,,,,,,,,,
2026-05-14 22:58:01,0,0,3165,0,0,0,0,0,1850,45,0,0,0,0,0,0,0,0,,,,,,,,,,,,,,,,,,
2026-05-14 22:58:01,0,0,3175,0,0,0,0,0,1839,34,0,0,0,0,0,0,0,0,,,,,,,,,,,,,,,,,,
2026-05-14 22:58:01,0,0,3186,0,0,0,0,0,1849,33,0,0,0,0,0,0,0,0,,,,,,,,,,,,,,,,,,
2026-05-14 22:58:01,0,0,3183,0,0,0,0,0,1849,33,0,0,0,0,0,0,0,0,,,,,,,,,,,,,,,,,,
2026-05-14 22:58:01,0,0,3185,0,0,0,0,0,1839,34,0,0,0,0,0,0,0,0,,,,,,,,,,,,,,,,,,
2026-05-14 22:58:01,0,0,3188,0,0,0,0,0,1850,34,0,0,0,0,0,0,0,0,,,,,,,,,,,,,,,,,,
2026-05-14 22:58:01,0,0,3188,0,0,0,0,0,1850,34,0,0,0,0,0,0,0,0,,,,,,,,,,,,,,,,,,
2026-05-14 22:58:01,0,0,3185,0,0,0,0,0,1850,45,0,0,0,0,0,0,0,0,,,,,,,,,,,,,,,,,,
2026-05-14 22:58:01,0,0,3186,0,0,0,0,0,1850,45,0,0,0,0,0,0,0,0,,,,,,,,,,,,,,,,,,
2026-05-14 22:58:01,0,0,3175,0,0,0,0,0,1851,34,0,0,0,0,0,0,0,0,,,,,,,,,,,,,,,,,,
2026-05-14 22:58:01,0,0,3185,0,0,0,0,0,1828,45,0,0,0,0,0,0,0,0,,,,,,,,,,,,,,,,,,
2026-05-14 22:58:02,0,0,3188,0,0,0,0,0,1850,56,0,0,0,0,0,0,0,0,,,,,,,,,,,,,,,,,,
2026-05-14 22:58:02,0,0,3186,0,0,0,0,0,1851,45,0,0,0,0,0,0,0,0,,,,,,,,,,,,,,,,,,
2026-05-14 22:58:02,0,0,3186,0,0,0,0,0,1851,45,0,0,0,0,0,0,0,0,,,,,,,,,,,,,,,,,,
2026-05-14 22:58:02,0,0,3173,0,0,0,0,0,1849,44,0,0,0,0,0,0,0,0,,,,,,,,,,,,,,,,,,
2026-05-14 22:58:02,0,0,3173,0,0,0,0,0,1849,44,0,0,0,0,0,0,0,0,,,,,,,,,,,,,,,,,,
2026-05-14 22:58:02,0,0,3185,0,0,0,0,0,1849,44,0,0,0,0,0,0,0,0,,,,,,,,,,,,,,,,,,
2026-05-14 22:58:02,0,0,3175,0,0,0,0,0,1849,44,0,0,0,0,0,0,0,0,,,,,,,,,,,,,,,,,,
2026-05-14 22:58:02,0,0,3185,0,0,0,0,0,1846,43,0,0,0,0,0,0,0,0,,,,,,,,,,,,,,,,,,
2026-05-14 22:58:02,0,0,3185,0,0,0,0,0,1846,43,0,0,0,0,0,0,0,0,,,,,,,,,,,,,,,,,,
2026-05-14 22:58:02,0,0,3185,0,0,0,0,0,1849,44,0,0,0,0,0,0,0,0,,,,,,,,,,,,,,,,,,
2026-05-14 22:58:02,0,0,3186,0,0,0,0,0,1850,45,0,0,0,0,0,0,0,0,,,,,,,,,,,,,,,,,,
2026-05-14 22:58:02,0,0,3175,0,0,0,0,0,1850,45,0,0,0,0,0,0,0,0,,,,,,,,,,,,,,,,,,
2026-05-14 22:58:02,0,0,3176,0,0,0,0,0,1828,45,0,0,0,0,0,0,0,0,,,,,,,,,,,,,,,,,,
2026-05-14 22:58:02,0,0,3176,0,0,0,0,0,1828,45,0,0,0,0,0,0,0,0,,,,,,,,,,,,,,,,,,
2026-05-14 22:58:02,0,0,3186,0,0,0,0,0,1850,45,0,0,0,0,0,0,0,0,,,,,,,,,,,,,,,,,,
2026-05-14 22:58:02,0,0,3186,0,0,0,0,0,1850,45,0,0,0,0,0,0,0,0,,,,,,,,,,,,,,,,,,
2026-05-14 22:58:02,0,0,3186,0,0,0,0,0,1850,45,0,0,0,0,0,0,0,0,,,,,,,,,,,,,,,,,,
2026-05-14 22:58:02,0,0,3183,0,0,0,0,0,1850,56,0,0,0,0,0,0,0,0,,,,,,,,,,,,,,,,,,
2026-05-14 22:58:02,0,0,3185,0,0,0,0,0,1850,56,0,0,0,0,0,0,0,0,,,,,,,,,,,,,,,,,,
2026-05-14 22:58:02,0,0,3173,0,0,0,0,0,1851,57,0,0,0,0,0,0,0,0,,,,,,,,,,,,,,,,,,
2026-05-14 22:58:03,0,0,3185,0,0,0,0,0,1851,45,0,0,0,0,0,0,0,0,,,,,,,,,,,,,,,,,,
2026-05-14 22:58:03,0,0,3175,0,0,0,0,0,1796,57,0,0,0,0,0,0,0,0,,,,,,,,,,,,,,,,,,
2026-05-14 22:58:03,0,0,3175,0,0,0,0,0,1796,57,0,0,0,0,0,0,0,0,,,,,,,,,,,,,,,,,,
2026-05-14 22:58:03,0,0,3183,0,0,0,0,0,1851,57,0,0,0,0,0,0,0,0,,,,,,,,,,,,,,,,,,
2026-05-14 22:58:03,0,0,3185,0,0,0,0,0,1852,57,0,0,0,0,0,0,0,0,,,,,,,,,,,,,,,,,,
2026-05-14 22:58:03,0,0,3172,0,0,0,0,0,1840,57,0,0,0,0,0,0,0,0,,,,,,,,,,,,,,,,,,
2026-05-14 22:58:03,0,0,3172,0,0,0,0,0,1829,57,0,0,0,0,0,0,0,0,,,,,,,,,,,,,,,,,,
2026-05-14 22:58:03,0,0,3173,0,0,0,0,0,1851,57,0,0,0,0,0,0,0,0,,,,,,,,,,,,,,,,,,
2026-05-14 22:58:03,0,0,3172,0,0,0,0,0,1851,57,0,0,0,0,0,0,0,0,,,,,,,,,,,,,,,,,,
2026-05-14 22:58:03,0,0,3172,0,0,0,0,0,1851,57,0,0,0,0,0,0,0,0,,,,,,,,,,,,,,,,,,
2026-05-14 22:58:03,0,0,3185,0,0,0,0,0,1848,55,0,0,0,0,0,0,0,0,,,,,,,,,,,,,,,,,,
2026-05-14 22:58:03,0,0,3173,0,0,0,0,0,1840,57,0,0,0,0,0,0,0,0,,,,,,,,,,,,,,,,,,
2026-05-14 22:58:03,0,0,3172,0,0,0,0,0,1851,57,0,0,0,0,0,0,0,0,,,,,,,,,,,,,,,,,,
2026-05-14 22:58:03,0,0,3172,0,0,0,0,0,1849,55,0,0,0,0,0,0,0,0,,,,,,,,,,,,,,,,,,
2026-05-14 22:58:03,0,0,3161,0,0,0,0,0,1835,54,0,0,0,0,0,0,0,0,,,,,,,,,,,,,,,,,,
2026-05-14 22:58:03,0,0,3185,0,0,0,0,0,1808,62,0,0,0,0,0,0,0,0,,,,,,,,,,,,,,,,,,
2026-05-14 22:58:03,0,0,3185,0,0,0,0,0,1808,62,0,0,0,0,0,0,0,0,,,,,,,,,,,,,,,,,,
2026-05-14 22:58:03,0,0,3193,0,0,0,0,0,1830,62,0,0,0,0,0,0,0,0,,,,,,,,,,,,,,,,,,
2026-05-14 22:58:03,0,0,3203,0,0,0,0,0,1838,60,0,0,0,0,0,0,0,0,,,,,,,,,,,,,,,,,,
2026-05-14 22:58:03,0,0,3195,0,0,0,0,0,1851,73,0,0,0,0,0,0,0,0,,,,,,,,,,,,,,,,,,
2026-05-14 22:58:04,0,0,3209,8,0,0,0,0,1860,77,0,0,0,0,0,0,0,0,,,,,,,,,,,,,,,,,,
2026-05-14 22:58:04,0,0,3215,33,0,0,0,0,1813,54,0,0,0,0,0,0,0,0,,,,,,,,,,,,,,,,,,
2026-05-14 22:58:04,0,0,3569,203,0,0,0,0,1873,34,0,0,0,0,0,0,0,0,,,,,,,,,,,,,,,,,,
2026-05-14 22:58:04,0,0,3569,203,0,0,0,0,1873,34,0,0,0,0,0,0,0,0,,,,,,,,,,,,,,,,,,
2026-05-14 22:58:04,0,0,3569,203,0,0,0,0,1873,34,0,0,0,0,0,0,0,0,,,,,,,,,,,,,,,,,,
2026-05-14 22:58:04,0,0,3787,296,0,0,0,0,1898,0,0,0,0,0,0,0,0,0,,,,,,,,,,,,,,,,,,
2026-05-14 22:58:04,0,0,3855,304,0,0,0,0,1879,4,0,0,0,0,0,0,0,0,,,,,,,,,,,,,,,,,,
2026-05-14 22:58:04,0,0,3855,304,0,0,0,0,1879,4,0,0,0,0,0,0,0,0,,,,,,,,,,,,,,,,,,
2026-05-14 22:58:04,0,0,3873,307,0,0,0,0,1865,0,0,0,0,0,0,0,0,0,,,,,,,,,,,,,,,,,,
2026-05-14 22:58:04,0,0,3940,343,0,0,0,0,1891,27,0,0,0,0,0,0,0,0,,,,,,,,,,,,,,,,,,
2026-05-14 22:58:04,0,0,3988,471,0,0,0,0,1960,112,0,0,0,0,0,0,0,0,,,,,,,,,,,,,,,,,,
2026-05-14 22:58:04,0,0,4009,523,0,0,0,0,2057,223,0,0,0,0,0,0,0,0,,,,,,,,,,,,,,,,,,
2026-05-14 22:58:04,0,0,4125,645,0,0,0,0,2304,422,0,0,0,0,0,0,0,0,,,,,,,,,,,,,,,,,,
2026-05-14 22:58:04,0,0,4125,645,0,0,0,0,2304,422,0,0,0,0,0,0,0,0,,,,,,,,,,,,,,,,,,
2026-05-14 22:58:04,0,0,4146,755,0,0,0,0,2507,556,0,0,0,0,0,0,0,0,,,,,,,,,,,,,,,,,,
2026-05-14 22:58:04,0,0,4117,819,0,0,0,0,2663,658,0,0,0,0,0,0,0,0,,,,,,,,,,,,,,,,,,
2026-05-14 22:58:04,0,0,3990,781,0,0,0,0,2897,771,0,0,0,0,0,0,0,0,,,,,,,,,,,,,,,,,,
2026-05-14 22:58:04,0,0,3788,680,0,0,0,0,3020,971,0,0,0,0,0,0,0,0,,,,,,,,,,,,,,,,,,
2026-05-14 22:58:04,0,0,3788,680,0,0,0,0,3020,971,0,0,0,0,0,0,0,0,,,,,,,,,,,,,,,,,,
2026-05-14 22:58:04,0,0,3701,558,0,0,0,0,3018,997,0,0,0,0,0,0,0,0,,,,,,,,,,,,,,,,,,
2026-05-14 22:58:05,0,0,3317,306,0,0,0,0,2871,931,0,0,0,0,0,0,0,0,,,,,,,,,,,,,,,,,,
2026-05-14 22:58:05,0,0,2951,14,0,0,0,0,2456,688,0,0,0,0,0,0,0,0,,,,,,,,,,,,,,,,,,
2026-05-14 22:58:05,0,0,2676,0,0,0,0,0,2366,551,0,0,0,0,0,0,0,0,,,,,,,,,,,,,,,,,,
2026-05-14 22:58:05,0,0,2676,0,0,0,0,0,2366,551,0,0,0,0,0,0,0,0,,,,,,,,,,,,,,,,,,
2026-05-14 22:58:05,0,0,2250,0,0,0,0,0,1951,326,0,0,0,0,0,0,0,0,,,,,,,,,,,,,,,,,,
2026-05-14 22:58:05,0,0,1707,0,0,0,0,0,1388,0,0,0,0,0,0,0,0,0,,,,,,,,,,,,,,,,,,
2026-05-14 22:58:05,0,0,956,0,0,0,0,0,680,0,0,0,0,0,0,0,0,0,,,,,,,,,,,,,,,,,,
2026-05-14 22:58:05,0,0,667,0,0,0,0,0,435,0,0,0,0,0,0,0,0,0,,,,,,,,,,,,,,,,,,
2026-05-14 22:58:05,0,0,667,0,0,0,0,0,435,0,0,0,0,0,0,0,0,0,,,,,,,,,,,,,,,,,,
2026-05-14 22:58:05,0,0,1674,0,0,0,0,0,1069,0,0,0,0,0,0,0,0,0,,,,,,,,,,,,,,,,,,
2026-05-14 22:58:05,0,0,2908,0,0,0,0,0,1825,46,0,0,0,0,0,0,0,0,,,,,,,,,,,,,,,,,,
2026-05-14 22:58:05,0,0,4632,1118,0,0,0,0,3228,987,0,0,0,0,0,0,0,0,,,,,,,,,,,,,,,,,,
2026-05-14 22:58:05,0,0,6311,2506,0,0,0,0,4533,1940,0,0,0,0,0,0,0,0,,,,,,,,,,,,,,,,,,
2026-05-14 22:58:05,0,0,6311,2506,0,0,0,0,4533,1940,0,0,0,0,0,0,0,0,,,,,,,,,,,,,,,,,,
2026-05-14 22:58:05,0,0,5823,2369,0,0,0,0,4271,1797,0,0,0,0,0,0,0,0,,,,,,,,,,,,,,,,,,
2026-05-14 22:58:05,0,0,4865,1537,0,0,0,0,3365,1270,0,0,0,0,0,0,0,0,,,,,,,,,,,,,,,,,,
2026-05-14 22:58:05,0,0,3545,698,0,0,0,0,2552,629,0,0,0,0,0,0,0,0,,,,,,,,,,,,,,,,,,
2026-05-14 22:58:05,0,0,3545,698,0,0,0,0,2552,629,0,0,0,0,0,0,0,0,,,,,,,,,,,,,,,,,,
2026-05-14 22:58:05,0,0,1703,0,0,0,0,0,1137,0,0,0,0,0,0,0,0,0,,,,,,,,,,,,,,,,,,
2026-05-14 22:58:05,0,0,728,0,0,0,0,0,494,0,0,0,0,0,0,0,0,0,,,,,,,,,,,,,,,,,,
2026-05-14 22:58:06,0,0,647,0,0,0,0,0,418,0,0,0,0,0,0,0,0,0,,,,,,,,,,,,,,,,,,
2026-05-14 22:58:06,0,0,581,0,0,0,0,0,316,0,0,0,0,0,0,0,0,0,,,,,,,,,,,,,,,,,,
2026-05-14 22:58:06,0,0,581,0,0,0,0,0,316,0,0,0,0,0,0,0,0,0,,,,,,,,,,,,,,,,,,
2026-05-14 22:58:06,0,0,460,0,0,0,0,0,250,0,0,0,0,0,0,0,0,0,,,,,,,,,,,,,,,,,,
2026-05-14 22:58:06,0,0,425,0,0,0,0,0,94,0,0,0,0,0,0,0,0,0,,,,,,,,,,,,,,,,,,
2026-05-14 22:58:06,0,0,392,0,0,0,0,0,40,0,0,0,0,0,0,0,0,0,,,,,,,,,,,,,,,,,,
2026-05-14 22:58:06,0,0,314,0,0,0,0,0,9,0,0,0,0,0,0,0,0,0,,,,,,,,,,,,,,,,,,
2026-05-14 22:58:06,0,0,290,0,0,0,0,0,0,0,0,0,0,0,0,0,0,0,,,,,,,,,,,,,,,,,,
2026-05-14 22:58:06,0,0,290,0,0,0,0,0,0,0,0,0,0,0,0,0,0,0,,,,,,,,,,,,,,,,,,
2026-05-14 22:58:06,0,0,281,0,0,0,0,0,0,0,0,0,0,0,0,0,0,0,,,,,,,,,,,,,,,,,,
2026-05-14 22:58:06,0,0,292,0,0,0,0,0,0,0,0,0,0,0,0,0,0,0,,,,,,,,,,,,,,,,,,
2026-05-14 22:58:06,0,0,1289,0,0,0,0,0,1644,0,0,0,0,0,0,0,0,0,,,,,,,,,,,,,,,,,,
2026-05-14 22:58:06,0,0,4711,1727,0,0,0,0,4140,1929,0,0,0,0,0,0,0,0,,,,,,,,,,,,,,,,,,
2026-05-14 22:58:06,0,0,4711,1727,0,0,0,0,4140,1929,0,0,0,0,0,0,0,0,,,,,,,,,,,,,,,,,,
2026-05-14 22:58:06,0,0,9513,5549,0,0,0,0,8492,5646,0,0,0,0,872,181,0,0,,,,,,,,,,,,,,,,,,
2026-05-14 22:58:06,0,0,9242,5259,0,0,0,0,8272,5626,0,0,0,0,1138,361,0,0,,,,,,,,,,,,,,,,,,
2026-05-14 22:58:06,0,0,8228,4447,0,0,0,0,7485,4969,0,0,0,0,1177,432,0,0,,,,,,,,,,,,,,,,,,
2026-05-14 22:58:06,0,0,8228,4447,0,0,0,0,7485,4969,0,0,0,0,1177,432,0,0,,,,,,,,,,,,,,,,,,
2026-05-14 22:58:06,0,0,8025,4261,0,0,0,0,7545,5055,0,0,0,0,1413,639,0,0,,,,,,,,,,,,,,,,,,
2026-05-14 22:58:06,0,0,8025,4261,0,0,0,0,7545,5055,0,0,0,0,1413,639,0,0,,,,,,,,,,,,,,,,,,
2026-05-14 22:58:07,0,0,7813,4542,0,0,0,0,7680,5498,39,0,0,0,2438,1978,829,0,,,,,,,,,,,,,,,,,,
2026-05-14 22:58:07,0,0,6908,4050,0,0,0,0,6690,4849,316,0,0,0,2966,2543,1536,0,,,,,,,,,,,,,,,,,,
2026-05-14 22:58:07,0,0,6908,4050,0,0,0,0,6690,4849,316,0,0,0,2966,2543,1536,0,,,,,,,,,,,,,,,,,,
2026-05-14 22:58:07,0,0,5754,2867,0,0,0,0,5348,3614,425,9,721,0,3352,3339,2337,0,,,,,,,,,,,,,,,,,,
2026-05-14 22:58:07,0,0,2689,55,0,0,0,0,2877,681,0,517,1968,0,2760,4674,4525,0,,,,,,,,,,,,,,,,,,
2026-05-14 22:58:07,0,0,2689,55,0,0,0,0,2877,681,0,517,1968,0,2760,4674,4525,0,,,,,,,,,,,,,,,,,,
2026-05-14 22:58:07,0,0,1116,0,0,0,0,0,2059,0,0,0,652,0,1326,1799,1605,0,,,,,,,,,,,,,,,,,,
2026-05-14 22:58:07,0,0,505,0,0,0,0,0,1278,0,0,0,0,0,144,385,0,0,,,,,,,,,,,,,,,,,,
2026-05-14 22:58:07,0,0,357,0,0,0,0,0,499,0,0,0,0,0,0,0,0,0,,,,,,,,,,,,,,,,,,
2026-05-14 22:58:07,0,0,357,0,0,0,0,0,499,0,0,0,0,0,0,0,0,0,,,,,,,,,,,,,,,,,,
2026-05-14 22:58:07,0,0,414,0,0,0,0,0,387,0,0,0,0,0,0,0,0,0,,,,,,,,,,,,,,,,,,
2026-05-14 22:58:07,0,0,253,0,0,0,0,0,270,0,0,0,0,0,0,0,0,0,,,,,,,,,,,,,,,,,,
2026-05-14 22:58:07,0,0,243,0,0,0,0,0,200,0,0,0,0,0,0,0,0,0,,,,,,,,,,,,,,,,,,
2026-05-14 22:58:07,0,0,198,0,0,0,0,0,144,0,0,0,0,0,0,0,0,0,,,,,,,,,,,,,,,,,,
2026-05-14 22:58:07,0,0,198,0,0,0,0,0,144,0,0,0,0,0,0,0,0,0,,,,,,,,,,,,,,,,,,
2026-05-14 22:58:07,0,0,166,0,0,0,0,0,98,0,0,0,0,0,0,0,0,0,,,,,,,,,,,,,,,,,,
2026-05-14 22:58:07,0,0,303,0,0,0,0,0,175,0,0,0,0,0,0,0,0,0,,,,,,,,,,,,,,,,,,
2026-05-14 22:58:07,0,0,4851,1914,0,0,0,0,4031,1684,0,0,0,0,130,0,0,0,,,,,,,,,,,,,,,,,,
2026-05-14 22:58:07,0,0,7006,3986,0,0,0,0,6736,4553,13,0,0,0,1603,770,0,0,,,,,,,,,,,,,,,,,,
2026-05-14 22:58:07,0,0,7006,3986,0,0,0,0,6736,4553,13,0,0,0,1603,770,0,0,,,,,,,,,,,,,,,,,,
2026-05-14 22:58:08,0,0,7335,4006,0,0,0,0,7218,4743,9,0,0,0,1746,447,0,0,,,,,,,,,,,,,,,,,,
2026-05-14 22:58:08,0,0,7083,3693,0,0,0,0,7137,4837,0,0,0,0,1878,593,0,0,,,,,,,,,,,,,,,,,,
2026-05-14 22:58:08,0,0,7083,3693,0,0,0,0,7137,4837,0,0,0,0,1878,593,0,0,,,,,,,,,,,,,,,,,,
2026-05-14 22:58:08,0,0,7681,4165,0,0,0,0,7881,5448,0,0,0,0,1999,628,0,0,,,,,,,,,,,,,,,,,,
2026-05-14 22:58:08,0,0,7336,3829,0,0,0,0,7436,4781,0,0,0,0,1473,318,0,0,,,,,,,,,,,,,,,,,,
2026-05-14 22:58:08,0,0,7358,3775,0,0,0,0,7479,4611,0,0,0,0,1240,228,0,0,,,,,,,,,,,,,,,,,,
2026-05-14 22:58:08,0,0,7358,3775,0,0,0,0,7479,4611,0,0,0,0,1240,228,0,0,,,,,,,,,,,,,,,,,,
2026-05-14 22:58:08,0,0,7867,3996,0,0,0,0,8002,5031,0,0,0,0,1309,166,0,0,,,,,,,,,,,,,,,,,,
2026-05-14 22:58:08,0,0,8350,4263,0,0,0,0,8621,5401,0,0,0,0,1420,271,0,0,,,,,,,,,,,,,,,,,,
2026-05-14 22:58:08,0,0,8350,4263,0,0,0,0,8621,5401,0,0,0,0,1420,271,0,0,,,,,,,,,,,,,,,,,,
2026-05-14 22:58:08,0,0,9004,4672,0,0,0,0,9253,5918,0,0,0,0,1584,339,0,0,,,,,,,,,,,,,,,,,,
2026-05-14 22:58:08,0,0,9543,4978,0,0,0,0,9989,6445,0,0,0,0,1855,550,0,0,,,,,,,,,,,,,,,,,,
2026-05-14 22:58:08,0,0,9473,4829,0,0,0,0,9942,6433,0,0,0,0,1893,652,0,0,,,,,,,,,,,,,,,,,,
2026-05-14 22:58:08,0,0,9473,4829,0,0,0,0,9942,6433,0,0,0,0,1893,652,0,0,,,,,,,,,,,,,,,,,,
2026-05-14 22:58:08,0,0,9271,4614,0,0,0,0,9729,6240,0,0,0,0,1908,711,0,0,,,,,,,,,,,,,,,,,,
2026-05-14 22:58:08,0,0,9278,4498,0,0,0,0,9672,6240,0,0,0,0,1975,707,0,0,,,,,,,,,,,,,,,,,,
2026-05-14 22:58:08,0,0,8677,4313,0,0,0,0,8687,5860,361,0,0,0,2395,1472,0,0,,,,,,,,,,,,,,,,,,
2026-05-14 22:58:08,0,0,8677,4313,0,0,0,0,8687,5860,361,0,0,0,2395,1472,0,0,,,,,,,,,,,,,,,,,,
2026-05-14 22:58:08,0,0,8677,4313,0,0,0,0,8687,5860,361,0,0,0,2395,1472,0,0,,,,,,,,,,,,,,,,,,
2026-05-14 22:58:08,415,0,3492,0,0,0,1188,0,3635,353,0,491,1805,0,1450,2129,1644,0,,,,,,,,,,,,,,,,,,
2026-05-14 22:58:09,415,0,3492,0,0,0,1188,0,3635,353,0,491,1805,0,1450,2129,1644,0,,,,,,,,,,,,,,,,,,
2026-05-14 22:58:09,1475,442,2453,0,0,0,888,0,2523,0,0,0,0,0,436,349,0,0,,,,,,,,,,,,,,,,,,
2026-05-14 22:58:09,0,0,1489,0,0,0,0,0,1016,0,0,0,0,0,0,0,0,0,,,,,,,,,,,,,,,,,,
2026-05-14 22:58:09,0,0,1489,0,0,0,0,0,1016,0,0,0,0,0,0,0,0,0,,,,,,,,,,,,,,,,,,
2026-05-14 22:58:09,0,0,1062,0,0,0,0,0,498,0,0,0,0,0,0,0,0,0,,,,,,,,,,,,,,,,,,
2026-05-14 22:58:09,0,0,908,0,0,0,0,0,397,0,0,0,0,0,0,0,0,0,,,,,,,,,,,,,,,,,,
2026-05-14 22:58:09,0,0,649,0,0,0,0,0,244,0,0,0,0,0,0,0,0,0,,,,,,,,,,,,,,,,,,
2026-05-14 22:58:09,0,0,548,0,0,0,0,0,170,0,0,0,0,0,0,0,0,0,,,,,,,,,,,,,,,,,,
2026-05-14 22:58:09,0,0,548,0,0,0,0,0,170,0,0,0,0,0,0,0,0,0,,,,,,,,,,,,,,,,,,
2026-05-14 22:58:09,0,0,495,0,0,0,0,0,225,0,0,0,0,0,0,0,0,0,,,,,,,,,,,,,,,,,,
2026-05-14 22:58:09,0,0,520,0,0,0,0,0,224,0,0,0,0,0,0,0,0,0,,,,,,,,,,,,,,,,,,
2026-05-14 22:58:09,0,0,3047,0,0,0,0,0,3864,48,0,0,0,0,0,0,0,0,,,,,,,,,,,,,,,,,,
2026-05-14 22:58:09,0,0,6090,1698,0,0,0,0,6599,2948,0,0,0,0,351,0,0,0,,,,,,,,,,,,,,,,,,
2026-05-14 22:58:09,0,0,6090,1698,0,0,0,0,6599,2948,0,0,0,0,351,0,0,0,,,,,,,,,,,,,,,,,,
2026-05-14 22:58:09,0,0,7797,4189,0,0,0,0,7761,5124,0,0,0,0,1269,606,0,0,,,,,,,,,,,,,,,,,,
2026-05-14 22:58:09,0,0,7113,4360,0,0,0,0,6613,4708,0,0,0,0,1730,1342,681,0,,,,,,,,,,,,,,,,,,
2026-05-14 22:58:09,0,0,7113,4360,0,0,0,0,6613,4708,0,0,0,0,1730,1342,681,0,,,,,,,,,,,,,,,,,,
2026-05-14 22:58:09,0,0,5222,2549,0,0,0,0,4733,2663,0,0,529,0,1380,1486,1084,0,,,,,,,,,,,,,,,,,,
2026-05-14 22:58:09,1229,0,2801,0,0,0,1484,0,2603,0,0,0,2052,0,707,1655,1750,0,,,,,,,,,,,,,,,,,,
2026-05-14 22:58:09,2017,0,2558,0,0,0,2310,0,2266,0,0,127,2770,0,621,1755,2078,0,,,,,,,,,,,,,,,,,,
2026-05-14 22:58:10,2017,0,2558,0,0,0,2310,0,2266,0,0,127,2770,0,621,1755,2078,0,,,,,,,,,,,,,,,,,,
2026-05-14 22:58:10,3153,0,2427,0,0,0,3219,0,2163,0,0,0,3984,0,547,1689,2568,0,,,,,,,,,,,,,,,,,,
2026-05-14 22:58:10,6060,2283,1875,0,0,0,4960,0,1546,0,0,0,4368,91,32,488,888,0,,,,,,,,,,,,,,,,,,
2026-05-14 22:58:10,6060,2283,1875,0,0,0,4960,0,1546,0,0,0,4368,91,32,488,888,0,,,,,,,,,,,,,,,,,,
2026-05-14 22:58:10,6364,3401,1405,0,0,0,3319,0,894,0,0,0,1415,108,0,46,0,0,,,,,,,,,,,,,,,,,,
2026-05-14 22:58:10,2967,1277,895,0,0,0,1007,0,262,0,0,0,197,0,0,0,0,0,,,,,,,,,,,,,,,,,,
2026-05-14 22:58:10,2967,1277,895,0,0,0,1007,0,262,0,0,0,197,0,0,0,0,0,,,,,,,,,,,,,,,,,,
2026-05-14 22:58:10,0,0,0,0,0,0,0,0,0,0,0,0,0,0,0,0,0,0,,,,,,,,,,,,,,,,,,
2026-05-14 22:58:10,0,0,0,0,0,0,0,0,0,0,0,0,0,0,0,0,0,0,,,,,,,,,,,,,,,,,,
2026-05-14 22:58:10,0,0,0,0,0,0,0,0,0,0,0,0,0,0,0,0,0,0,,,,,,,,,,,,,,,,,,
2026-05-14 22:58:10,0,0,0,0,0,0,0,0,0,0,0,0,0,0,0,0,0,0,,,,,,,,,,,,,,,,,,
2026-05-14 22:58:10,0,0,0,0,0,0,0,0,0,0,0,0,0,0,0,0,0,0,,,,,,,,,,,,,,,,,,
2026-05-14 22:58:10,0,0,0,0,0,0,0,0,0,0,0,0,0,0,0,0,0,0,,,,,,,,,,,,,,,,,,
2026-05-14 22:58:10,0,0,0,0,0,0,0,0,0,0,0,0,0,0,0,0,0,0,,,,,,,,,,,,,,,,,,
2026-05-14 22:58:10,0,0,0,0,0,0,0,0,0,0,0,0,0,0,0,0,0,0,,,,,,,,,,,,,,,,,,
2026-05-14 22:58:10,0,0,5277,1038,0,0,0,0,5787,1560,0,0,0,0,0,0,0,0,,,,,,,,,,,,,,,,,,
2026-05-14 22:58:10,0,0,6033,3277,0,0,0,0,5802,3739,0,0,0,0,1001,424,0,0,,,,,,,,,,,,,,,,,,
2026-05-14 22:58:10,0,0,6033,3277,0,0,0,0,5802,3739,0,0,0,0,1001,424,0,0,,,,,,,,,,,,,,,,,,
2026-05-14 22:58:10,0,0,6955,5100,0,0,0,0,6172,4947,388,0,266,0,2098,1546,1042,0,,,,,,,,,,,,,,,,,,
2026-05-14 22:58:10,0,0,5048,3097,0,0,0,0,4433,2938,208,0,949,0,1934,1861,1558,0,,,,,,,,,,,,,,,,,,
2026-05-14 22:58:11,0,0,5048,3097,0,0,0,0,4433,2938,208,0,949,0,1934,1861,1558,0,,,,,,,,,,,,,,,,,,
2026-05-14 22:58:11,0,0,3680,1785,0,0,347,0,3288,1674,0,0,1397,0,1855,2137,1989,0,,,,,,,,,,,,,,,,,,
2026-05-14 22:58:11,148,0,2045,109,0,0,1562,0,2160,201,0,101,3127,0,1676,2841,3132,0,,,,,,,,,,,,,,,,,,
2026-05-14 22:58:11,148,0,2045,109,0,0,1562,0,2160,201,0,101,3127,0,1676,2841,3132,0,,,,,,,,,,,,,,,,,,
2026-05-14 22:58:11,1017,0,2040,0,0,0,2580,0,2042,0,0,277,4606,0,1505,3150,4199,0,,,,,,,,,,,,,,,,,,
2026-05-14 22:58:11,2515,0,2017,0,0,0,4082,0,1980,0,0,0,6210,0,1168,2372,4817,0,,,,,,,,,,,,,,,,,,
2026-05-14 22:58:11,2515,0,2017,0,0,0,4082,0,1980,0,0,0,6210,0,1168,2372,4817,0,,,,,,,,,,,,,,,,,,
2026-05-14 22:58:11,4539,627,804,0,0,0,3159,0,738,0,0,0,2581,311,0,733,610,0,,,,,,,,,,,,,,,,,,
2026-05-14 22:58:11,2022,0,289,0,0,0,573,0,0,0,0,0,425,0,0,0,0,0,,,,,,,,,,,,,,,,,,
2026-05-14 22:58:11,2022,0,289,0,0,0,573,0,0,0,0,0,425,0,0,0,0,0,,,,,,,,,,,,,,,,,,
2026-05-14 22:58:11,0,0,0,0,0,0,0,0,0,0,0,0,0,0,0,0,0,0,,,,,,,,,,,,,,,,,,
2026-05-14 22:58:11,0,0,0,0,0,0,0,0,0,0,0,0,0,0,0,0,0,0,,,,,,,,,,,,,,,,,,
2026-05-14 22:58:11,0,0,0,0,0,0,0,0,0,0,0,0,0,0,0,0,0,0,,,,,,,,,,,,,,,,,,
2026-05-14 22:58:11,0,0,0,0,0,0,0,0,0,0,0,0,0,0,0,0,0,0,,,,,,,,,,,,,,,,,,
2026-05-14 22:58:11,0,0,0,0,0,0,0,0,0,0,0,0,0,0,0,0,0,0,,,,,,,,,,,,,,,,,,
2026-05-14 22:58:11,0,0,0,0,0,0,0,0,0,0,0,0,0,0,0,0,0,0,,,,,,,,,,,,,,,,,,
2026-05-14 22:58:11,0,0,0,0,0,0,0,0,0,0,0,0,0,0,0,0,0,0,,,,,,,,,,,,,,,,,,
2026-05-14 22:58:11,0,0,5202,1449,0,0,0,0,5542,2130,0,0,0,0,232,0,0,0,,,,,,,,,,,,,,,,,,
2026-05-14 22:58:11,0,0,7018,4473,0,0,0,0,6722,4914,0,0,0,0,1653,809,0,0,,,,,,,,,,,,,,,,,,
2026-05-14 22:58:11,0,0,7018,4473,0,0,0,0,6722,4914,0,0,0,0,1653,809,0,0,,,,,,,,,,,,,,,,,,
2026-05-14 22:58:12,0,0,8408,5995,0,0,0,0,7472,5777,0,0,0,0,1860,0,0,0,,,,,,,,,,,,,,,,,,
2026-05-14 22:58:12,0,0,8408,5995,0,0,0,0,7472,5777,0,0,0,0,1860,0,0,0,,,,,,,,,,,,,,,,,,
2026-05-14 22:58:12,0,0,5057,3441,0,0,0,0,4483,3001,260,0,753,0,2010,1852,1609,0,,,,,,,,,,,,,,,,,,
2026-05-14 22:58:12,0,0,5057,3441,0,0,0,0,4483,3001,260,0,753,0,2010,1852,1609,0,,,,,,,,,,,,,,,,,,
2026-05-14 22:58:12,0,0,3101,1453,0,0,347,0,3026,1357,39,0,1583,0,1986,2422,2335,0,,,,,,,,,,,,,,,,,,
2026-05-14 22:58:12,104,0,1749,0,0,0,1979,0,2017,32,0,365,4040,0,1931,3601,4153,0,,,,,,,,,,,,,,,,,,
2026-05-14 22:58:12,104,0,1749,0,0,0,1979,0,2017,32,0,365,4040,0,1931,3601,4153,0,,,,,,,,,,,,,,,,,,
2026-05-14 22:58:12,1017,0,1754,0,0,0,3111,0,1987,0,0,198,5540,0,1613,3318,4984,0,,,,,,,,,,,,,,,,,,
2026-05-14 22:58:12,2289,0,1679,0,0,0,4274,0,1650,0,0,0,6917,6,1278,2380,5537,0,,,,,,,,,,,,,,,,,,
2026-05-14 22:58:12,2289,0,1679,0,0,0,4274,0,1650,0,0,0,6917,6,1278,2380,5537,0,,,,,,,,,,,,,,,,,,
2026-05-14 22:58:12,3668,170,276,0,0,0,2723,0,473,0,0,0,2187,0,0,951,828,0,,,,,,,,,,,,,,,,,,
2026-05-14 22:58:12,802,0,0,0,0,0,0,0,0,0,0,0,0,0,0,0,0,0,,,,,,,,,,,,,,,,,,
2026-05-14 22:58:12,802,0,0,0,0,0,0,0,0,0,0,0,0,0,0,0,0,0,,,,,,,,,,,,,,,,,,
2026-05-14 22:58:12,0,0,0,0,0,0,0,0,0,0,0,0,0,0,0,0,0,0,,,,,,,,,,,,,,,,,,
2026-05-14 22:58:12,0,0,0,0,0,0,0,0,0,0,0,0,0,0,0,0,0,0,,,,,,,,,,,,,,,,,,
2026-05-14 22:58:12,0,0,0,0,0,0,0,0,0,0,0,0,0,0,0,0,0,0,,,,,,,,,,,,,,,,,,
2026-05-14 22:58:12,0,0,0,0,0,0,0,0,0,0,0,0,0,0,0,0,0,0,,,,,,,,,,,,,,,,,,
2026-05-14 22:58:12,0,0,0,0,0,0,0,0,0,0,0,0,0,0,0,0,0,0,,,,,,,,,,,,,,,,,,
2026-05-14 22:58:12,0,0,0,0,0,0,0,0,0,0,0,0,0,0,0,0,0,0,,,,,,,,,,,,,,,,,,
2026-05-14 22:58:12,0,0,0,0,0,0,0,0,0,0,0,0,0,0,0,0,0,0,,,,,,,,,,,,,,,,,,
2026-05-14 22:58:13,0,0,4899,1719,0,0,0,0,4486,1928,0,0,0,0,362,0,0,0,,,,,,,,,,,,,,,,,,
2026-05-14 22:58:13,0,0,6322,4521,0,0,0,0,5572,4294,0,0,0,0,1460,807,0,0,,,,,,,,,,,,,,,,,,
2026-05-14 22:58:13,0,0,6844,5258,0,0,0,0,5535,4568,555,0,219,0,1896,0,0,0,,,,,,,,,,,,,,,,,,
2026-05-14 22:58:13,0,0,6844,5258,0,0,0,0,5535,4568,555,0,219,0,1896,0,0,0,,,,,,,,,,,,,,,,,,
2026-05-14 22:58:13,0,0,6844,5258,0,0,0,0,5535,4568,555,0,219,0,1896,0,0,0,,,,,,,,,,,,,,,,,,
2026-05-14 22:58:13,79,0,2389,784,0,0,842,0,2110,540,0,0,1816,0,1140,1878,1878,0,,,,,,,,,,,,,,,,,,
2026-05-14 22:58:13,657,0,1291,0,0,0,1370,0,1352,0,0,0,2290,0,808,1780,1913,0,,,,,,,,,,,,,,,,,,
2026-05-14 22:58:13,657,0,1291,0,0,0,1370,0,1352,0,0,0,2290,0,808,1780,1913,0,,,,,,,,,,,,,,,,,,
2026-05-14 22:58:13,1153,0,1197,0,0,0,1858,0,1271,0,0,0,2745,0,708,1644,2027,0,,,,,,,,,,,,,,,,,,
2026-05-14 22:58:13,2481,0,1284,0,0,0,2919,0,1291,0,0,0,4010,0,659,1273,2406,0,,,,,,,,,,,,,,,,,,
2026-05-14 22:58:13,2481,0,1284,0,0,0,2919,0,1291,0,0,0,4010,0,659,1273,2406,0,,,,,,,,,,,,,,,,,,
2026-05-14 22:58:13,3448,643,824,0,0,0,3282,0,814,0,0,0,3643,0,204,749,1062,0,,,,,,,,,,,,,,,,,,
2026-05-14 22:58:13,2498,686,0,0,0,0,1268,0,0,0,0,0,575,0,0,357,0,0,,,,,,,,,,,,,,,,,,
2026-05-14 22:58:13,2498,686,0,0,0,0,1268,0,0,0,0,0,575,0,0,357,0,0,,,,,,,,,,,,,,,,,,
2026-05-14 22:58:13,0,0,0,0,0,0,0,0,0,0,0,0,0,0,0,0,0,0,,,,,,,,,,,,,,,,,,
2026-05-14 22:58:13,0,0,0,0,0,0,0,0,0,0,0,0,0,0,0,0,0,0,,,,,,,,,,,,,,,,,,
2026-05-14 22:58:13,0,0,0,0,0,0,0,0,0,0,0,0,0,0,0,0,0,0,,,,,,,,,,,,,,,,,,
2026-05-14 22:58:13,0,0,0,0,0,0,0,0,0,0,0,0,0,0,0,0,0,0,,,,,,,,,,,,,,,,,,
2026-05-14 22:58:13,0,0,0,0,0,0,0,0,0,0,0,0,0,0,0,0,0,0,,,,,,,,,,,,,,,,,,
2026-05-14 22:58:13,0,0,0,0,0,0,0,0,0,0,0,0,0,0,0,0,0,0,,,,,,,,,,,,,,,,,,
2026-05-14 22:58:14,0,0,0,0,0,0,0,0,0,0,0,0,0,0,0,0,0,0,,,,,,,,,,,,,,,,,,
2026-05-14 22:58:14,0,0,0,0,0,0,0,0,0,0,0,0,0,0,0,0,0,0,,,,,,,,,,,,,,,,,,
2026-05-14 22:58:14,0,0,0,0,0,0,0,0,0,0,0,0,0,0,0,0,0,0,,,,,,,,,,,,,,,,,,
2026-05-14 22:58:14,0,0,838,0,0,0,0,0,0,0,0,0,0,0,0,0,0,0,,,,,,,,,,,,,,,,,,
2026-05-14 22:58:14,0,0,4557,2282,0,0,0,0,3693,2100,0,0,0,0,393,130,0,0,,,,,,,,,,,,,,,,,,
2026-05-14 22:58:14,0,0,6220,3635,0,0,0,0,5438,3825,0,0,0,0,1220,478,0,0,,,,,,,,,,,,,,,,,,
2026-05-14 22:58:14,0,0,6220,3635,0,0,0,0,5438,3825,0,0,0,0,1220,478,0,0,,,,,,,,,,,,,,,,,,
2026-05-14 22:58:14,0,0,6878,4147,0,0,0,0,6313,4413,0,0,0,0,1597,708,0,0,,,,,,,,,,,,,,,,,,
2026-05-14 22:58:14,0,0,6836,4023,0,0,0,0,6719,4920,0,0,0,0,1995,930,0,0,,,,,,,,,,,,,,,,,,
2026-05-14 22:58:14,0,0,6836,4023,0,0,0,0,6719,4920,0,0,0,0,1995,930,0,0,,,,,,,,,,,,,,,,,,
2026-05-14 22:58:14,0,0,6640,4125,0,0,0,0,6766,5123,98,0,0,0,2252,1243,0,0,,,,,,,,,,,,,,,,,,
2026-05-14 22:58:14,0,0,6322,4096,0,0,0,0,6389,4889,155,0,0,0,2158,1275,134,0,,,,,,,,,,,,,,,,,,
2026-05-14 22:58:14,0,0,6214,4076,0,0,0,0,6213,4715,246,0,0,0,2160,1402,361,0,,,,,,,,,,,,,,,,,,
2026-05-14 22:58:14,0,0,6214,4076,0,0,0,0,6213,4715,246,0,0,0,2160,1402,361,0,,,,,,,,,,,,,,,,,,
2026-05-14 22:58:14,0,0,5384,3347,0,0,0,0,5116,3418,47,0,0,0,1798,1157,63,0,,,,,,,,,,,,,,,,,,
2026-05-14 22:58:14,0,0,5384,3347,0,0,0,0,5116,3418,47,0,0,0,1798,1157,63,0,,,,,,,,,,,,,,,,,,
2026-05-14 22:58:14,0,0,5384,3347,0,0,0,0,5116,3418,47,0,0,0,1798,1157,63,0,,,,,,,,,,,,,,,,,,
2026-05-14 22:58:14,0,0,1478,64,0,0,0,0,945,0,0,0,0,0,0,0,0,0,,,,,,,,,,,,,,,,,,
2026-05-14 22:58:14,0,0,252,0,0,0,0,0,0,0,0,0,0,0,0,0,0,0,,,,,,,,,,,,,,,,,,
2026-05-14 22:58:14,0,0,0,0,0,0,0,0,0,0,0,0,0,0,0,0,0,0,,,,,,,,,,,,,,,,,,
2026-05-14 22:58:15,0,0,0,0,0,0,0,0,0,0,0,0,0,0,0,0,0,0,,,,,,,,,,,,,,,,,,
2026-05-14 22:58:15,0,0,0,0,0,0,0,0,0,0,0,0,0,0,0,0,0,0,,,,,,,,,,,,,,,,,,
2026-05-14 22:58:15,0,0,0,0,0,0,0,0,0,0,0,0,0,0,0,0,0,0,,,,,,,,,,,,,,,,,,
2026-05-14 22:58:15,0,0,0,0,0,0,0,0,0,0,0,0,0,0,0,0,0,0,,,,,,,,,,,,,,,,,,
2026-05-14 22:58:15,0,0,0,0,0,0,0,0,0,0,0,0,0,0,0,0,0,0,,,,,,,,,,,,,,,,,,
2026-05-14 22:58:15,0,0,0,0,0,0,0,0,0,0,0,0,0,0,0,0,0,0,,,,,,,,,,,,,,,,,,
2026-05-14 22:58:15,0,0,0,0,0,0,0,0,0,0,0,0,0,0,0,0,0,0,,,,,,,,,,,,,,,,,,
2026-05-14 22:58:15,0,0,0,0,0,0,0,0,0,0,0,0,0,0,0,0,0,0,,,,,,,,,,,,,,,,,,
2026-05-14 22:58:15,0,0,0,0,0,0,0,0,0,0,0,0,0,0,0,0,0,0,,,,,,,,,,,,,,,,,,
2026-05-14 22:58:15,0,0,3247,0,0,0,0,0,4165,346,0,0,0,0,0,0,0,0,,,,,,,,,,,,,,,,,,
2026-05-14 22:58:15,0,0,4674,1380,0,0,0,0,5210,2543,0,0,0,0,294,0,0,0,,,,,,,,,,,,,,,,,,
2026-05-14 22:58:15,0,0,8516,5182,0,0,0,0,7995,5668,0,0,0,0,1581,745,0,0,,,,,,,,,,,,,,,,,,
2026-05-14 22:58:15,0,0,8516,5182,0,0,0,0,7995,5668,0,0,0,0,1581,745,0,0,,,,,,,,,,,,,,,,,,
2026-05-14 22:58:15,0,0,7517,4904,0,0,0,0,7118,5255,0,0,0,0,1882,1101,134,0,,,,,,,,,,,,,,,,,,
2026-05-14 22:58:15,0,0,7517,4904,0,0,0,0,7118,5255,0,0,0,0,1882,1101,134,0,,,,,,,,,,,,,,,,,,
2026-05-14 22:58:15,0,0,4725,2340,0,0,0,0,4297,2377,33,0,1140,0,2037,2198,1976,0,,,,,,,,,,,,,,,,,,
2026-05-14 22:58:15,0,0,4725,2340,0,0,0,0,4297,2377,33,0,1140,0,2037,2198,1976,0,,,,,,,,,,,,,,,,,,
2026-05-14 22:58:15,0,0,4048,1575,0,0,557,0,3571,1619,39,0,2082,0,1924,2636,2561,0,,,,,,,,,,,,,,,,,,
2026-05-14 22:58:15,1309,0,2526,6,0,0,2338,0,2466,20,0,533,3953,0,1397,3074,3556,0,,,,,,,,,,,,,,,,,,
2026-05-14 22:58:15,1309,0,2526,6,0,0,2338,0,2466,20,0,533,3953,0,1397,3074,3556,0,,,,,,,,,,,,,,,,,,
2026-05-14 22:58:16,4997,1239,1476,0,0,0,4389,0,1299,0,0,0,4310,183,82,833,1099,0,,,,,,,,,,,,,,,,,,
2026-05-14 22:58:16,4997,1239,1476,0,0,0,4389,0,1299,0,0,0,4310,183,82,833,1099,0,,,,,,,,,,,,,,,,,,
2026-05-14 22:58:16,4997,1239,1476,0,0,0,4389,0,1299,0,0,0,4310,183,82,833,1099,0,,,,,,,,,,,,,,,,,,
2026-05-14 22:58:16,0,0,0,0,0,0,0,0,0,0,0,0,0,0,0,0,0,0,,,,,,,,,,,,,,,,,,
2026-05-14 22:58:16,0,0,0,0,0,0,0,0,0,0,0,0,0,0,0,0,0,0,,,,,,,,,,,,,,,,,,
2026-05-14 22:58:16,0,0,0,0,0,0,0,0,0,0,0,0,0,0,0,0,0,0,,,,,,,,,,,,,,,,,,
2026-05-14 22:58:16,0,0,0,0,0,0,0,0,0,0,0,0,0,0,0,0,0,0,,,,,,,,,,,,,,,,,,
2026-05-14 22:58:16,0,0,0,0,0,0,0,0,0,0,0,0,0,0,0,0,0,0,,,,,,,,,,,,,,,,,,
2026-05-14 22:58:16,0,0,0,0,0,0,0,0,0,0,0,0,0,0,0,0,0,0,,,,,,,,,,,,,,,,,,
2026-05-14 22:58:16,0,0,0,0,0,0,0,0,0,0,0,0,0,0,0,0,0,0,,,,,,,,,,,,,,,,,,
2026-05-14 22:58:16,0,0,0,0,0,0,0,0,0,0,0,0,0,0,0,0,0,0,,,,,,,,,,,,,,,,,,
2026-05-14 22:58:16,0,0,4650,395,0,0,0,0,5558,870,0,0,0,0,0,0,0,0,,,,,,,,,,,,,,,,,,
2026-05-14 22:58:16,0,0,4650,395,0,0,0,0,5558,870,0,0,0,0,0,0,0,0,,,,,,,,,,,,,,,,,,
2026-05-14 22:58:16,0,0,5748,2899,0,0,0,0,5823,3535,0,0,0,0,1133,554,0,0,,,,,,,,,,,,,,,,,,
2026-05-14 22:58:16,0,0,5748,2899,0,0,0,0,5823,3535,0,0,0,0,1133,554,0,0,,,,,,,,,,,,,,,,,,
2026-05-14 22:58:16,0,0,6608,4966,0,0,0,0,5376,4082,442,0,563,0,1748,1593,1377,0,,,,,,,,,,,,,,,,,,
2026-05-14 22:58:16,0,0,4939,3004,0,0,266,0,3716,2250,186,0,1218,0,1347,1598,1574,0,,,,,,,,,,,,,,,,,,
2026-05-14 22:58:16,0,0,4939,3004,0,0,266,0,3716,2250,186,0,1218,0,1347,1598,1574,0,,,,,,,,,,,,,,,,,,
2026-05-14 22:58:16,651,0,2325,430,0,0,1197,0,2005,68,0,0,1980,0,776,1595,1702,0,,,,,,,,,,,,,,,,,,
2026-05-14 22:58:16,1748,0,1636,0,0,0,2157,0,1433,0,0,0,3138,0,389,1074,1901,0,,,,,,,,,,,,,,,,,,
2026-05-14 22:58:17,1748,0,1636,0,0,0,2157,0,1433,0,0,0,3138,0,389,1074,1901,0,,,,,,,,,,,,,,,,,,
2026-05-14 22:58:17,2764,0,1649,0,0,0,3222,0,1445,0,0,0,4171,0,291,1080,2466,0,,,,,,,,,,,,,,,,,,
2026-05-14 22:58:17,6229,2159,1191,0,0,0,4898,42,870,0,0,0,4308,1229,0,532,796,0,,,,,,,,,,,,,,,,,,
2026-05-14 22:58:17,6229,2159,1191,0,0,0,4898,42,870,0,0,0,4308,1229,0,532,796,0,,,,,,,,,,,,,,,,,,
2026-05-14 22:58:17,5805,2785,526,0,0,0,3142,197,313,0,0,0,1654,290,0,132,99,0,,,,,,,,,,,,,,,,,,
2026-05-14 22:58:17,0,0,0,0,0,0,0,0,0,0,0,0,0,0,0,0,0,0,,,,,,,,,,,,,,,,,,
2026-05-14 22:58:17,0,0,0,0,0,0,0,0,0,0,0,0,0,0,0,0,0,0,,,,,,,,,,,,,,,,,,
2026-05-14 22:58:17,0,0,0,0,0,0,0,0,0,0,0,0,0,0,0,0,0,0,,,,,,,,,,,,,,,,,,
2026-05-14 22:58:17,0,0,0,0,0,0,0,0,0,0,0,0,0,0,0,0,0,0,,,,,,,,,,,,,,,,,,
2026-05-14 22:58:17,0,0,0,0,0,0,0,0,0,0,0,0,0,0,0,0,0,0,,,,,,,,,,,,,,,,,,
2026-05-14 22:58:17,0,0,0,0,0,0,0,0,0,0,0,0,0,0,0,0,0,0,,,,,,,,,,,,,,,,,,
2026-05-14 22:58:17,0,0,0,0,0,0,0,0,0,0,0,0,0,0,0,0,0,0,,,,,,,,,,,,,,,,,,
2026-05-14 22:58:17,0,0,0,0,0,0,0,0,0,0,0,0,0,0,0,0,0,0,,,,,,,,,,,,,,,,,,
2026-05-14 22:58:17,0,0,1852,0,0,0,0,0,2083,0,0,0,0,0,0,0,0,0,,,,,,,,,,,,,,,,,,
2026-05-14 22:58:17,0,0,4841,809,0,0,0,0,4983,1127,0,0,0,0,0,0,0,0,,,,,,,,,,,,,,,,,,
2026-05-14 22:58:17,0,0,4841,809,0,0,0,0,4983,1127,0,0,0,0,0,0,0,0,,,,,,,,,,,,,,,,,,
2026-05-14 22:58:17,0,0,7426,5493,0,0,0,0,5983,4749,271,0,0,0,1948,1661,1027,0,,,,,,,,,,,,,,,,,,
2026-05-14 22:58:17,0,0,7426,5493,0,0,0,0,5983,4749,271,0,0,0,1948,1661,1027,0,,,,,,,,,,,,,,,,,,
2026-05-14 22:58:17,0,0,5259,3547,0,0,0,0,3884,2877,359,0,940,0,1603,1943,1846,0,,,,,,,,,,,,,,,,,,
2026-05-14 22:58:17,0,0,5259,3547,0,0,0,0,3884,2877,359,0,940,0,1603,1943,1846,0,,,,,,,,,,,,,,,,,,
2026-05-14 22:58:18,1421,0,1425,0,0,0,2092,0,1306,0,0,0,3081,0,626,1543,2399,0,,,,,,,,,,,,,,,,,,
2026-05-14 22:58:18,1421,0,1425,0,0,0,2092,0,1306,0,0,0,3081,0,626,1543,2399,0,,,,,,,,,,,,,,,,,,
2026-05-14 22:58:18,1421,0,1425,0,0,0,2092,0,1306,0,0,0,3081,0,626,1543,2399,0,,,,,,,,,,,,,,,,,,
2026-05-14 22:58:18,3325,0,1464,0,0,0,3944,0,1221,0,0,0,5168,0,352,1104,3106,0,,,,,,,,,,,,,,,,,,
2026-05-14 22:58:18,3325,0,1464,0,0,0,3944,0,1221,0,0,0,5168,0,352,1104,3106,0,,,,,,,,,,,,,,,,,,
2026-05-14 22:58:18,5998,1981,592,0,0,0,4253,161,404,0,0,0,3477,1312,0,497,645,0,,,,,,,,,,,,,,,,,,
2026-05-14 22:58:18,5998,1981,592,0,0,0,4253,161,404,0,0,0,3477,1312,0,497,645,0,,,,,,,,,,,,,,,,,,
2026-05-14 22:58:18,5998,1981,592,0,0,0,4253,161,404,0,0,0,3477,1312,0,497,645,0,,,,,,,,,,,,,,,,,,
2026-05-14 22:58:18,0,0,0,0,0,0,0,0,0,0,0,0,0,0,0,0,0,0,,,,,,,,,,,,,,,,,,
2026-05-14 22:58:18,0,0,0,0,0,0,0,0,0,0,0,0,0,0,0,0,0,0,,,,,,,,,,,,,,,,,,
2026-05-14 22:58:18,0,0,0,0,0,0,0,0,0,0,0,0,0,0,0,0,0,0,,,,,,,,,,,,,,,,,,
2026-05-14 22:58:18,0,0,0,0,0,0,0,0,0,0,0,0,0,0,0,0,0,0,,,,,,,,,,,,,,,,,,
2026-05-14 22:58:18,0,0,0,0,0,0,0,0,0,0,0,0,0,0,0,0,0,0,,,,,,,,,,,,,,,,,,
2026-05-14 22:58:18,0,0,0,0,0,0,0,0,0,0,0,0,0,0,0,0,0,0,,,,,,,,,,,,,,,,,,
2026-05-14 22:58:18,0,0,0,0,0,0,0,0,0,0,0,0,0,0,0,0,0,0,,,,,,,,,,,,,,,,,,
2026-05-14 22:58:18,0,0,0,0,0,0,0,0,0,0,0,0,0,0,0,0,0,0,,,,,,,,,,,,,,,,,,
2026-05-14 22:58:18,0,0,4220,115,0,0,0,0,4559,18,0,0,0,0,0,0,0,0,,,,,,,,,,,,,,,,,,
2026-05-14 22:58:18,0,0,5296,2770,0,0,0,0,4914,3019,0,0,0,0,1043,554,0,0,,,,,,,,,,,,,,,,,,
2026-05-14 22:58:18,0,0,7173,5428,0,0,0,0,5959,4893,69,0,0,0,1688,1289,676,0,,,,,,,,,,,,,,,,,,
2026-05-14 22:58:18,0,0,7173,5428,0,0,0,0,5959,4893,69,0,0,0,1688,1289,676,0,,,,,,,,,,,,,,,,,,
2026-05-14 22:58:19,0,0,5628,4247,0,0,0,0,4207,3395,527,0,1011,0,1720,1780,1720,0,,,,,,,,,,,,,,,,,,
2026-05-14 22:58:19,100,0,2981,1355,0,0,748,0,2339,942,0,0,1881,0,1093,1782,1976,0,,,,,,,,,,,,,,,,,,
2026-05-14 22:58:19,100,0,2981,1355,0,0,748,0,2339,942,0,0,1881,0,1093,1782,1976,0,,,,,,,,,,,,,,,,,,
2026-05-14 22:58:19,1368,0,1159,0,0,0,1924,0,1098,0,0,0,2937,0,456,1218,2086,0,,,,,,,,,,,,,,,,,,
2026-05-14 22:58:19,1918,0,1075,0,0,0,2410,0,1057,0,0,0,3544,0,267,980,2264,0,,,,,,,,,,,,,,,,,,
2026-05-14 22:58:19,1918,0,1075,0,0,0,2410,0,1057,0,0,0,3544,0,267,980,2264,0,,,,,,,,,,,,,,,,,,
2026-05-14 22:58:19,4499,592,1261,0,0,0,4573,0,933,0,0,0,5170,821,204,856,2642,0,,,,,,,,,,,,,,,,,,
2026-05-14 22:58:19,5858,2373,860,0,0,0,4657,205,448,0,0,0,4171,1269,0,675,1115,0,,,,,,,,,,,,,,,,,,
2026-05-14 22:58:19,5858,2373,860,0,0,0,4657,205,448,0,0,0,4171,1269,0,675,1115,0,,,,,,,,,,,,,,,,,,
2026-05-14 22:58:19,5327,3162,192,0,0,0,2627,77,0,0,0,0,1437,196,0,267,114,0,,,,,,,,,,,,,,,,,,
2026-05-14 22:58:19,0,0,0,0,0,0,0,0,0,0,0,0,0,0,0,0,0,0,,,,,,,,,,,,,,,,,,
2026-05-14 22:58:19,0,0,0,0,0,0,0,0,0,0,0,0,0,0,0,0,0,0,,,,,,,,,,,,,,,,,,
2026-05-14 22:58:19,0,0,0,0,0,0,0,0,0,0,0,0,0,0,0,0,0,0,,,,,,,,,,,,,,,,,,
2026-05-14 22:58:19,0,0,0,0,0,0,0,0,0,0,0,0,0,0,0,0,0,0,,,,,,,,,,,,,,,,,,
2026-05-14 22:58:19,0,0,0,0,0,0,0,0,0,0,0,0,0,0,0,0,0,0,,,,,,,,,,,,,,,,,,
2026-05-14 22:58:19,0,0,0,0,0,0,0,0,0,0,0,0,0,0,0,0,0,0,,,,,,,,,,,,,,,,,,
2026-05-14 22:58:19,0,0,0,0,0,0,0,0,0,0,0,0,0,0,0,0,0,0,,,,,,,,,,,,,,,,,,
2026-05-14 22:58:19,0,0,4469,465,0,0,0,0,4881,488,0,0,0,0,0,0,0,0,,,,,,,,,,,,,,,,,,
2026-05-14 22:58:19,0,0,5400,3680,0,0,0,0,4778,3483,0,0,0,0,1009,774,0,0,,,,,,,,,,,,,,,,,,
2026-05-14 22:58:19,0,0,5400,3680,0,0,0,0,4778,3483,0,0,0,0,1009,774,0,0,,,,,,,,,,,,,,,,,,
2026-05-14 22:58:20,0,0,6951,5462,0,0,0,0,5291,4734,334,0,0,0,1642,1185,519,0,,,,,,,,,,,,,,,,,,
2026-05-14 22:58:20,0,0,5328,4175,0,0,0,0,4067,3433,599,0,327,0,1563,1599,1064,0,,,,,,,,,,,,,,,,,,
2026-05-14 22:58:20,0,0,5328,4175,0,0,0,0,4067,3433,599,0,327,0,1563,1599,1064,0,,,,,,,,,,,,,,,,,,
2026-05-14 22:58:20,0,0,3376,1894,0,0,0,0,2623,1548,176,0,794,0,1339,1756,1291,0,,,,,,,,,,,,,,,,,,
2026-05-14 22:58:20,0,0,1798,489,0,0,478,0,1781,439,0,0,1298,0,1225,2159,1808,0,,,,,,,,,,,,,,,,,,
2026-05-14 22:58:20,140,0,1181,0,0,0,1284,0,1501,3,90,452,2576,0,1865,3517,2928,0,,,,,,,,,,,,,,,,,,
2026-05-14 22:58:20,140,0,1181,0,0,0,1284,0,1501,3,90,452,2576,0,1865,3517,2928,0,,,,,,,,,,,,,,,,,,
2026-05-14 22:58:20,0,0,1773,307,0,0,648,0,1972,743,338,489,2175,0,2296,3851,2906,0,,,,,,,,,,,,,,,,,,
2026-05-14 22:58:20,0,0,1773,307,0,0,648,0,1972,743,338,489,2175,0,2296,3851,2906,0,,,,,,,,,,,,,,,,,,
2026-05-14 22:58:20,0,0,1860,572,0,0,0,0,2050,1116,182,182,1215,0,2612,3883,2664,0,,,,,,,,,,,,,,,,,,
2026-05-14 22:58:20,0,0,0,0,0,0,0,0,0,0,0,0,0,0,563,698,88,0,,,,,,,,,,,,,,,,,,
2026-05-14 22:58:20,0,0,0,0,0,0,0,0,0,0,0,0,0,0,563,698,88,0,,,,,,,,,,,,,,,,,,
2026-05-14 22:58:20,0,0,0,0,0,0,0,0,0,0,0,0,0,0,0,0,0,0,,,,,,,,,,,,,,,,,,
2026-05-14 22:58:20,0,0,0,0,0,0,0,0,0,0,0,0,0,0,0,0,0,0,,,,,,,,,,,,,,,,,,
2026-05-14 22:58:20,0,0,0,0,0,0,0,0,0,0,0,0,0,0,0,0,0,0,,,,,,,,,,,,,,,,,,
2026-05-14 22:58:20,0,0,0,0,0,0,0,0,0,0,0,0,0,0,0,0,0,0,,,,,,,,,,,,,,,,,,
2026-05-14 22:58:20,0,0,0,0,0,0,0,0,0,0,0,0,0,0,0,0,0,0,,,,,,,,,,,,,,,,,,
2026-05-14 22:58:20,0,0,0,0,0,0,0,0,0,0,0,0,0,0,0,0,0,0,,,,,,,,,,,,,,,,,,
2026-05-14 22:58:20,0,0,48,0,0,0,0,0,0,0,0,0,0,0,0,0,0,0,,,,,,,,,,,,,,,,,,
2026-05-14 22:58:20,0,0,3551,1444,0,0,0,0,2575,1374,0,0,0,0,0,0,0,0,,,,,,,,,,,,,,,,,,
2026-05-14 22:58:21,0,0,3551,1444,0,0,0,0,2575,1374,0,0,0,0,0,0,0,0,,,,,,,,,,,,,,,,,,
2026-05-14 22:58:21,0,0,5328,3451,0,0,0,0,4166,3103,0,0,0,0,974,263,0,0,,,,,,,,,,,,,,,,,,
2026-05-14 22:58:21,0,0,6239,4313,0,0,0,0,5263,4446,228,0,0,0,2176,1508,639,0,,,,,,,,,,,,,,,,,,
2026-05-14 22:58:21,0,0,5857,4172,0,0,0,0,4993,4380,510,0,444,0,2630,2245,1736,0,,,,,,,,,,,,,,,,,,
2026-05-14 22:58:21,0,0,5857,4172,0,0,0,0,4993,4380,510,0,444,0,2630,2245,1736,0,,,,,,,,,,,,,,,,,,
2026-05-14 22:58:21,0,0,4223,2527,0,0,0,0,3172,2237,241,0,1038,0,1971,2181,2095,0,,,,,,,,,,,,,,,,,,
2026-05-14 22:58:21,0,0,3446,1713,0,0,230,0,2587,1509,195,0,1622,0,1841,2387,2474,0,,,,,,,,,,,,,,,,,,
2026-05-14 22:58:21,0,0,3446,1713,0,0,230,0,2587,1509,195,0,1622,0,1841,2387,2474,0,,,,,,,,,,,,,,,,,,
2026-05-14 22:58:21,140,0,2664,713,0,0,935,0,2004,758,11,0,2429,0,1618,2684,2935,0,,,,,,,,,,,,,,,,,,
2026-05-14 22:58:21,1618,0,1180,0,0,0,2271,0,1101,0,0,0,3657,0,1093,2057,2984,0,,,,,,,,,,,,,,,,,,
2026-05-14 22:58:21,1618,0,1180,0,0,0,2271,0,1101,0,0,0,3657,0,1093,2057,2984,0,,,,,,,,,,,,,,,,,,
2026-05-14 22:58:21,1497,0,369,0,0,0,1645,0,519,0,0,0,2270,0,409,847,801,0,,,,,,,,,,,,,,,,,,
2026-05-14 22:58:21,0,0,0,0,0,0,0,0,0,0,0,0,0,0,0,0,0,0,,,,,,,,,,,,,,,,,,
2026-05-14 22:58:21,0,0,0,0,0,0,0,0,0,0,0,0,0,0,0,0,0,0,,,,,,,,,,,,,,,,,,
2026-05-14 22:58:21,0,0,0,0,0,0,0,0,0,0,0,0,0,0,0,0,0,0,,,,,,,,,,,,,,,,,,
2026-05-14 22:58:21,0,0,0,0,0,0,0,0,0,0,0,0,0,0,0,0,0,0,,,,,,,,,,,,,,,,,,
2026-05-14 22:58:21,0,0,0,0,0,0,0,0,0,0,0,0,0,0,0,0,0,0,,,,,,,,,,,,,,,,,,
2026-05-14 22:58:21,0,0,0,0,0,0,0,0,0,0,0,0,0,0,0,0,0,0,,,,,,,,,,,,,,,,,,
2026-05-14 22:58:21,0,0,0,0,0,0,0,0,0,0,0,0,0,0,0,0,0,0,,,,,,,,,,,,,,,,,,
2026-05-14 22:58:21,0,0,0,0,0,0,0,0,0,0,0,0,0,0,0,0,0,0,,,,,,,,,,,,,,,,,,
2026-05-14 22:58:22,0,0,0,0,0,0,0,0,0,0,0,0,0,0,0,0,0,0,,,,,,,,,,,,,,,,,,
2026-05-14 22:58:22,0,0,0,0,0,0,0,0,0,0,0,0,0,0,0,0,0,0,,,,,,,,,,,,,,,,,,
2026-05-14 22:58:22,0,0,0,0,0,0,0,0,0,0,0,0,0,0,0,0,0,0,,,,,,,,,,,,,,,,,,
2026-05-14 22:58:22,0,0,273,0,0,0,0,0,0,0,0,0,0,0,0,0,0,0,,,,,,,,,,,,,,,,,,
2026-05-14 22:58:22,0,0,4942,2902,0,0,0,0,4022,2923,0,0,420,0,942,873,735,0,,,,,,,,,,,,,,,,,,
2026-05-14 22:58:22,0,0,4942,2902,0,0,0,0,4022,2923,0,0,420,0,942,873,735,0,,,,,,,,,,,,,,,,,,
2026-05-14 22:58:22,108,0,5570,3359,0,0,426,0,4102,3137,241,0,1181,0,1482,1506,1518,0,,,,,,,,,,,,,,,,,,
2026-05-14 22:58:22,372,0,4688,2493,0,0,637,0,3138,2306,336,0,1283,0,1350,1554,1566,0,,,,,,,,,,,,,,,,,,
2026-05-14 22:58:22,372,0,4688,2493,0,0,637,0,3138,2306,336,0,1283,0,1350,1554,1566,0,,,,,,,,,,,,,,,,,,
2026-05-14 22:58:22,474,0,3447,1310,0,0,673,0,2254,1114,0,0,1212,0,1009,1447,1306,0,,,,,,,,,,,,,,,,,,
2026-05-14 22:58:22,474,0,3447,1310,0,0,673,0,2254,1114,0,0,1212,0,1009,1447,1306,0,,,,,,,,,,,,,,,,,,
2026-05-14 22:58:22,1746,0,1690,0,0,0,1414,0,998,0,0,0,1743,0,558,1358,1452,0,,,,,,,,,,,,,,,,,,
2026-05-14 22:58:22,2867,1111,2941,319,0,0,1456,0,949,0,0,0,1204,0,69,615,1013,0,,,,,,,,,,,,,,,,,,
2026-05-14 22:58:22,2867,1111,2941,319,0,0,1456,0,949,0,0,0,1204,0,69,615,1013,0,,,,,,,,,,,,,,,,,,
2026-05-14 22:58:22,2867,1111,2941,319,0,0,1456,0,949,0,0,0,1204,0,69,615,1013,0,,,,,,,,,,,,,,,,,,
2026-05-14 22:58:22,2867,1111,2941,319,0,0,1456,0,949,0,0,0,1204,0,69,615,1013,0,,,,,,,,,,,,,,,,,,
2026-05-14 22:58:22,2626,775,1128,0,0,0,804,0,0,0,0,0,0,0,0,0,0,0,,,,,,,,,,,,,,,,,,
2026-05-14 22:58:22,1144,296,250,0,0,0,0,0,0,0,0,0,0,0,0,0,0,0,,,,,,,,,,,,,,,,,,
2026-05-14 22:58:22,1144,296,250,0,0,0,0,0,0,0,0,0,0,0,0,0,0,0,,,,,,,,,,,,,,,,,,
2026-05-14 22:58:22,1139,133,406,0,0,0,0,0,0,0,0,0,0,0,0,0,0,0,,,,,,,,,,,,,,,,,,
2026-05-14 22:58:23,1055,0,2383,0,0,0,0,0,0,0,0,0,0,0,0,0,0,0,,,,,,,,,,,,,,,,,,
2026-05-14 22:58:23,1055,0,2383,0,0,0,0,0,0,0,0,0,0,0,0,0,0,0,,,,,,,,,,,,,,,,,,
2026-05-14 22:58:23,1055,0,2383,0,0,0,0,0,0,0,0,0,0,0,0,0,0,0,,,,,,,,,,,,,,,,,,
2026-05-14 22:58:23,571,0,3730,541,0,0,0,0,181,0,0,0,0,0,0,0,0,0,,,,,,,,,,,,,,,,,,
2026-05-14 22:58:23,377,0,4670,1009,0,0,0,0,529,0,0,0,0,0,0,0,0,0,,,,,,,,,,,,,,,,,,
2026-05-14 22:58:23,377,0,4670,1009,0,0,0,0,529,0,0,0,0,0,0,0,0,0,,,,,,,,,,,,,,,,,,
2026-05-14 22:58:23,0,0,3738,477,0,0,0,0,80,0,0,0,0,0,0,0,0,0,,,,,,,,,,,,,,,,,,
2026-05-14 22:58:23,0,0,3738,477,0,0,0,0,80,0,0,0,0,0,0,0,0,0,,,,,,,,,,,,,,,,,,
2026-05-14 22:58:23,0,0,2424,0,0,0,0,0,0,0,0,0,0,0,0,0,0,0,,,,,,,,,,,,,,,,,,
2026-05-14 22:58:23,0,0,1186,0,0,0,0,0,0,0,0,0,0,0,0,0,0,0,,,,,,,,,,,,,,,,,,
2026-05-14 22:58:23,0,0,351,0,0,0,0,0,0,0,0,0,0,0,0,0,0,0,,,,,,,,,,,,,,,,,,
2026-05-14 22:58:23,0,0,0,0,0,0,0,0,0,0,0,0,0,0,0,0,0,0,,,,,,,,,,,,,,,,,,
2026-05-14 22:58:23,0,0,0,0,0,0,0,0,0,0,0,0,0,0,0,0,0,0,,,,,,,,,,,,,,,,,,
2026-05-14 22:58:23,0,0,0,0,0,0,0,0,0,0,0,0,0,0,0,0,0,0,,,,,,,,,,,,,,,,,,
2026-05-14 22:58:23,0,0,1694,0,0,0,0,0,875,64,0,0,0,0,0,0,0,0,,,,,,,,,,,,,,,,,,
2026-05-14 22:58:23,0,0,1953,99,0,0,0,0,1012,312,0,0,0,0,0,36,0,0,,,,,,,,,,,,,,,,,,
2026-05-14 22:58:23,0,0,2209,401,0,0,0,0,1387,540,0,0,0,0,0,113,0,0,,,,,,,,,,,,,,,,,,
2026-05-14 22:58:23,0,0,2209,401,0,0,0,0,1387,540,0,0,0,0,0,113,0,0,,,,,,,,,,,,,,,,,,
2026-05-14 22:58:23,0,0,2125,343,0,0,0,0,1260,310,0,0,0,0,0,97,0,0,,,,,,,,,,,,,,,,,,
2026-05-14 22:58:23,0,0,2170,274,0,0,0,0,988,0,0,0,0,0,0,0,0,0,,,,,,,,,,,,,,,,,,
2026-05-14 22:58:24,0,0,2272,298,0,0,0,0,930,0,0,0,0,0,0,0,0,0,,,,,,,,,,,,,,,,,,
2026-05-14 22:58:24,0,0,2557,380,0,0,0,0,932,0,0,0,0,0,0,0,0,0,,,,,,,,,,,,,,,,,,
2026-05-14 22:58:24,0,0,2557,380,0,0,0,0,932,0,0,0,0,0,0,0,0,0,,,,,,,,,,,,,,,,,,
2026-05-14 22:58:24,0,0,3040,635,0,0,0,0,1037,102,0,0,0,0,0,0,0,0,,,,,,,,,,,,,,,,,,
2026-05-14 22:58:24,0,0,3178,733,0,0,0,0,1085,152,0,0,0,0,0,0,0,0,,,,,,,,,,,,,,,,,,
2026-05-14 22:58:24,0,0,3217,747,0,0,0,0,989,95,0,0,0,0,0,0,0,0,,,,,,,,,,,,,,,,,,
2026-05-14 22:58:24,0,0,3050,703,0,0,0,0,820,0,0,0,0,0,0,0,0,0,,,,,,,,,,,,,,,,,,
2026-05-14 22:58:24,0,0,3050,703,0,0,0,0,820,0,0,0,0,0,0,0,0,0,,,,,,,,,,,,,,,,,,
2026-05-14 22:58:24,158,0,2664,543,0,0,0,0,550,0,0,0,0,0,0,0,0,0,,,,,,,,,,,,,,,,,,
2026-05-14 22:58:24,428,0,2338,258,0,0,0,0,354,0,0,0,0,0,0,0,0,0,,,,,,,,,,,,,,,,,,
2026-05-14 22:58:24,712,0,1740,0,0,0,0,0,104,0,0,0,0,0,0,0,0,0,,,,,,,,,,,,,,,,,,
2026-05-14 22:58:24,712,0,1740,0,0,0,0,0,104,0,0,0,0,0,0,0,0,0,,,,,,,,,,,,,,,,,,
2026-05-14 22:58:24,1072,0,1107,0,0,0,0,0,0,0,0,0,0,0,0,0,0,0,,,,,,,,,,,,,,,,,,
2026-05-14 22:58:24,1109,0,996,0,0,0,0,0,0,0,0,0,0,0,0,0,0,0,,,,,,,,,,,,,,,,,,
2026-05-14 22:58:24,549,0,1240,0,0,0,0,0,0,0,0,0,0,0,0,0,0,0,,,,,,,,,,,,,,,,,,
2026-05-14 22:58:24,206,0,1505,0,0,0,0,0,26,0,0,0,0,0,0,0,0,0,,,,,,,,,,,,,,,,,,
2026-05-14 22:58:24,206,0,1505,0,0,0,0,0,26,0,0,0,0,0,0,0,0,0,,,,,,,,,,,,,,,,,,
2026-05-14 22:58:24,0,0,1751,0,0,0,0,0,243,0,0,0,0,0,0,0,0,0,,,,,,,,,,,,,,,,,,
2026-05-14 22:58:24,0,0,1997,0,0,0,0,0,428,0,0,0,0,0,0,0,0,0,,,,,,,,,,,,,,,,,,
2026-05-14 22:58:24,0,0,2516,188,0,0,0,0,801,12,0,0,0,0,0,0,0,0,,,,,,,,,,,,,,,,,,
2026-05-14 22:58:25,0,0,2516,188,0,0,0,0,801,12,0,0,0,0,0,0,0,0,,,,,,,,,,,,,,,,,,
2026-05-14 22:58:25,0,0,2535,237,0,0,0,0,879,54,0,0,0,0,0,0,0,0,,,,,,,,,,,,,,,,,,
2026-05-14 22:58:25,0,0,2541,286,0,0,0,0,910,82,0,0,0,0,0,0,0,0,,,,,,,,,,,,,,,,,,
2026-05-14 22:58:25,0,0,2535,311,0,0,0,0,933,84,0,0,0,0,0,0,0,0,,,,,,,,,,,,,,,,,,
2026-05-14 22:58:25,0,0,2575,336,0,0,0,0,964,133,0,0,0,0,0,0,0,0,,,,,,,,,,,,,,,,,,
2026-05-14 22:58:25,0,0,2575,370,0,0,0,0,1025,148,0,0,0,0,0,0,0,0,,,,,,,,,,,,,,,,,,
2026-05-14 22:58:25,0,0,2588,382,0,0,0,0,1115,235,0,0,0,0,0,0,0,0,,,,,,,,,,,,,,,,,,
2026-05-14 22:58:25,0,0,2588,382,0,0,0,0,1115,235,0,0,0,0,0,0,0,0,,,,,,,,,,,,,,,,,,
2026-05-14 22:58:25,0,0,2593,385,0,0,0,0,1166,263,0,0,0,0,0,0,0,0,,,,,,,,,,,,,,,,,,
2026-05-14 22:58:25,0,0,2645,444,0,0,0,0,1172,289,0,0,0,0,0,0,0,0,,,,,,,,,,,,,,,,,,
2026-05-14 22:58:25,0,0,2649,469,0,0,0,0,1239,301,0,0,0,0,0,0,0,0,,,,,,,,,,,,,,,,,,
2026-05-14 22:58:25,0,0,2739,533,0,0,0,0,1297,335,0,0,0,0,0,0,0,0,,,,,,,,,,,,,,,,,,
2026-05-14 22:58:25,0,0,2739,533,0,0,0,0,1297,335,0,0,0,0,0,0,0,0,,,,,,,,,,,,,,,,,,
2026-05-14 22:58:25,0,0,2847,621,0,0,0,0,1386,369,0,0,0,0,0,0,0,0,,,,,,,,,,,,,,,,,,
2026-05-14 22:58:25,0,0,2847,621,0,0,0,0,1386,369,0,0,0,0,0,0,0,0,,,,,,,,,,,,,,,,,,
2026-05-14 22:58:25,0,0,2847,621,0,0,0,0,1386,369,0,0,0,0,0,0,0,0,,,,,,,,,,,,,,,,,,
2026-05-14 22:58:25,0,0,2847,621,0,0,0,0,1386,369,0,0,0,0,0,0,0,0,,,,,,,,,,,,,,,,,,
2026-05-14 22:58:25,0,0,2847,621,0,0,0,0,1386,369,0,0,0,0,0,0,0,0,,,,,,,,,,,,,,,,,,
2026-05-14 22:58:25,0,0,2847,621,0,0,0,0,1386,369,0,0,0,0,0,0,0,0,,,,,,,,,,,,,,,,,,
2026-05-14 22:58:25,0,0,2847,621,0,0,0,0,1386,369,0,0,0,0,0,0,0,0,,,,,,,,,,,,,,,,,,
2026-05-14 22:58:26,0,0,2847,621,0,0,0,0,1386,369,0,0,0,0,0,0,0,0,,,,,,,,,,,,,,,,,,
2026-05-14 22:58:26,0,0,2847,621,0,0,0,0,1386,369,0,0,0,0,0,0,0,0,,,,,,,,,,,,,,,,,,
2026-05-14 22:58:26,0,0,2847,621,0,0,0,0,1386,369,0,0,0,0,0,0,0,0,,,,,,,,,,,,,,,,,,
2026-05-14 22:58:26,0,0,2847,621,0,0,0,0,1386,369,0,0,0,0,0,0,0,0,,,,,,,,,,,,,,,,,,
2026-05-14 22:58:26,0,0,2847,621,0,0,0,0,1386,369,0,0,0,0,0,0,0,0,,,,,,,,,,,,,,,,,,
2026-05-14 22:58:26,0,0,2847,621,0,0,0,0,1386,369,0,0,0,0,0,0,0,0,,,,,,,,,,,,,,,,,,
2026-05-14 22:58:26,0,0,2847,621,0,0,0,0,1386,369,0,0,0,0,0,0,0,0,,,,,,,,,,,,,,,,,,
2026-05-14 22:58:26,0,0,2847,621,0,0,0,0,1386,369,0,0,0,0,0,0,0,0,,,,,,,,,,,,,,,,,,
2026-05-14 22:58:26,0,0,2847,621,0,0,0,0,1386,369,0,0,0,0,0,0,0,0,,,,,,,,,,,,,,,,,,
2026-05-14 22:58:26,0,0,2847,621,0,0,0,0,1386,369,0,0,0,0,0,0,0,0,,,,,,,,,,,,,,,,,,
2026-05-14 22:58:26,0,0,2847,621,0,0,0,0,1386,369,0,0,0,0,0,0,0,0,,,,,,,,,,,,,,,,,,
2026-05-14 22:58:26,0,0,2847,621,0,0,0,0,1386,369,0,0,0,0,0,0,0,0,,,,,,,,,,,,,,,,,,
2026-05-14 22:58:26,0,0,2847,621,0,0,0,0,1386,369,0,0,0,0,0,0,0,0,,,,,,,,,,,,,,,,,,
2026-05-14 22:58:26,0,0,2847,621,0,0,0,0,1386,369,0,0,0,0,0,0,0,0,,,,,,,,,,,,,,,,,,
2026-05-14 22:58:26,0,0,2847,621,0,0,0,0,1386,369,0,0,0,0,0,0,0,0,,,,,,,,,,,,,,,,,,
2026-05-14 22:58:26,0,0,2847,621,0,0,0,0,1386,369,0,0,0,0,0,0,0,0,,,,,,,,,,,,,,,,,,
2026-05-14 22:58:26,0,0,2847,621,0,0,0,0,1386,369,0,0,0,0,0,0,0,0,,,,,,,,,,,,,,,,,,
2026-05-14 22:58:26,0,0,2847,621,0,0,0,0,1386,369,0,0,0,0,0,0,0,0,,,,,,,,,,,,,,,,,,
2026-05-14 22:58:26,0,0,2847,621,0,0,0,0,1386,369,0,0,0,0,0,0,0,0,,,,,,,,,,,,,,,,,,
2026-05-14 22:58:26,0,0,2847,621,0,0,0,0,1386,369,0,0,0,0,0,0,0,0,,,,,,,,,,,,,,,,,,
2026-05-14 22:58:27,0,0,2847,621,0,0,0,0,1386,369,0,0,0,0,0,0,0,0,,,,,,,,,,,,,,,,,,
2026-05-14 22:58:27,0,0,2847,621,0,0,0,0,1386,369,0,0,0,0,0,0,0,0,,,,,,,,,,,,,,,,,,
2026-05-14 22:58:27,0,0,2847,621,0,0,0,0,1386,369,0,0,0,0,0,0,0,0,,,,,,,,,,,,,,,,,,
2026-05-14 22:58:27,0,0,2847,621,0,0,0,0,1386,369,0,0,0,0,0,0,0,0,,,,,,,,,,,,,,,,,,
2026-05-14 22:58:27,0,0,2847,621,0,0,0,0,1386,369,0,0,0,0,0,0,0,0,,,,,,,,,,,,,,,,,,
2026-05-14 22:58:27,0,0,2847,621,0,0,0,0,1386,369,0,0,0,0,0,0,0,0,,,,,,,,,,,,,,,,,,
2026-05-14 22:58:27,0,0,2847,621,0,0,0,0,1386,369,0,0,0,0,0,0,0,0,,,,,,,,,,,,,,,,,,
2026-05-14 22:58:27,0,0,2847,621,0,0,0,0,1386,369,0,0,0,0,0,0,0,0,,,,,,,,,,,,,,,,,,
2026-05-14 22:58:27,0,0,2847,621,0,0,0,0,1386,369,0,0,0,0,0,0,0,0,,,,,,,,,,,,,,,,,,
2026-05-14 22:58:27,0,0,2847,621,0,0,0,0,1386,369,0,0,0,0,0,0,0,0,,,,,,,,,,,,,,,,,,
2026-05-14 22:58:27,0,0,2847,621,0,0,0,0,1386,369,0,0,0,0,0,0,0,0,,,,,,,,,,,,,,,,,,
2026-05-14 22:58:27,0,0,2847,621,0,0,0,0,1386,369,0,0,0,0,0,0,0,0,,,,,,,,,,,,,,,,,,
2026-05-14 22:58:27,0,0,2847,621,0,0,0,0,1386,369,0,0,0,0,0,0,0,0,,,,,,,,,,,,,,,,,,
2026-05-14 22:58:27,0,0,2847,621,0,0,0,0,1386,369,0,0,0,0,0,0,0,0,,,,,,,,,,,,,,,,,,
2026-05-14 22:58:27,0,0,2847,621,0,0,0,0,1386,369,0,0,0,0,0,0,0,0,,,,,,,,,,,,,,,,,,
2026-05-14 22:58:27,0,0,2847,621,0,0,0,0,1386,369,0,0,0,0,0,0,0,0,,,,,,,,,,,,,,,,,,
2026-05-14 22:58:27,0,0,2847,621,0,0,0,0,1386,369,0,0,0,0,0,0,0,0,,,,,,,,,,,,,,,,,,
2026-05-14 22:58:27,0,0,2847,621,0,0,0,0,1386,369,0,0,0,0,0,0,0,0,,,,,,,,,,,,,,,,,,
2026-05-14 22:58:27,0,0,2847,621,0,0,0,0,1386,369,0,0,0,0,0,0,0,0,,,,,,,,,,,,,,,,,,
2026-05-14 22:58:27,0,0,2847,621,0,0,0,0,1386,369,0,0,0,0,0,0,0,0,,,,,,,,,,,,,,,,,,
2026-05-14 22:58:28,0,0,2847,621,0,0,0,0,1386,369,0,0,0,0,0,0,0,0,,,,,,,,,,,,,,,,,,
2026-05-14 22:58:28,0,0,2847,621,0,0,0,0,1386,369,0,0,0,0,0,0,0,0,,,,,,,,,,,,,,,,,,
2026-05-14 22:58:28,0,0,2847,621,0,0,0,0,1386,369,0,0,0,0,0,0,0,0,,,,,,,,,,,,,,,,,,
2026-05-14 22:58:28,0,0,2847,621,0,0,0,0,1386,369,0,0,0,0,0,0,0,0,,,,,,,,,,,,,,,,,,
2026-05-14 22:58:28,0,0,2847,621,0,0,0,0,1386,369,0,0,0,0,0,0,0,0,,,,,,,,,,,,,,,,,,
2026-05-14 22:58:28,0,0,2847,621,0,0,0,0,1386,369,0,0,0,0,0,0,0,0,,,,,,,,,,,,,,,,,,
2026-05-14 22:58:28,0,0,2847,621,0,0,0,0,1386,369,0,0,0,0,0,0,0,0,,,,,,,,,,,,,,,,,,
2026-05-14 22:58:28,0,0,2847,621,0,0,0,0,1386,369,0,0,0,0,0,0,0,0,,,,,,,,,,,,,,,,,,
2026-05-14 22:58:28,0,0,2847,621,0,0,0,0,1386,369,0,0,0,0,0,0,0,0,,,,,,,,,,,,,,,,,,
2026-05-14 22:58:28,0,0,2847,621,0,0,0,0,1386,369,0,0,0,0,0,0,0,0,,,,,,,,,,,,,,,,,,
2026-05-14 22:58:28,0,0,2847,621,0,0,0,0,1386,369,0,0,0,0,0,0,0,0,,,,,,,,,,,,,,,,,,
2026-05-14 22:58:28,0,0,2847,621,0,0,0,0,1386,369,0,0,0,0,0,0,0,0,,,,,,,,,,,,,,,,,,
2026-05-14 22:58:28,0,0,2847,621,0,0,0,0,1386,369,0,0,0,0,0,0,0,0,,,,,,,,,,,,,,,,,,
2026-05-14 22:58:28,0,0,2847,621,0,0,0,0,1386,369,0,0,0,0,0,0,0,0,,,,,,,,,,,,,,,,,,
2026-05-14 22:58:28,0,0,2847,621,0,0,0,0,1386,369,0,0,0,0,0,0,0,0,,,,,,,,,,,,,,,,,,
2026-05-14 22:58:28,0,0,2847,621,0,0,0,0,1386,369,0,0,0,0,0,0,0,0,,,,,,,,,,,,,,,,,,
2026-05-14 22:58:28,0,0,2847,621,0,0,0,0,1386,369,0,0,0,0,0,0,0,0,,,,,,,,,,,,,,,,,,
2026-05-14 22:58:28,0,0,2847,621,0,0,0,0,1386,369,0,0,0,0,0,0,0,0,,,,,,,,,,,,,,,,,,
2026-05-14 22:58:28,0,0,2847,621,0,0,0,0,1386,369,0,0,0,0,0,0,0,0,,,,,,,,,,,,,,,,,,
2026-05-14 22:58:28,0,0,2847,621,0,0,0,0,1386,369,0,0,0,0,0,0,0,0,,,,,,,,,,,,,,,,,,
2026-05-14 22:58:29,0,0,2847,621,0,0,0,0,1386,369,0,0,0,0,0,0,0,0,,,,,,,,,,,,,,,,,,
2026-05-14 22:58:29,0,0,2847,621,0,0,0,0,1386,369,0,0,0,0,0,0,0,0,,,,,,,,,,,,,,,,,,
2026-05-14 22:58:29,0,0,2847,621,0,0,0,0,1386,369,0,0,0,0,0,0,0,0,,,,,,,,,,,,,,,,,,
2026-05-14 22:58:29,0,0,2847,621,0,0,0,0,1386,369,0,0,0,0,0,0,0,0,,,,,,,,,,,,,,,,,,
2026-05-14 22:58:29,0,0,2847,621,0,0,0,0,1386,369,0,0,0,0,0,0,0,0,,,,,,,,,,,,,,,,,,
2026-05-14 22:58:29,0,0,2847,621,0,0,0,0,1386,369,0,0,0,0,0,0,0,0,,,,,,,,,,,,,,,,,,
2026-05-14 22:58:29,0,0,2847,621,0,0,0,0,1386,369,0,0,0,0,0,0,0,0,,,,,,,,,,,,,,,,,,
2026-05-14 22:58:29,0,0,2847,621,0,0,0,0,1386,369,0,0,0,0,0,0,0,0,,,,,,,,,,,,,,,,,,
2026-05-14 22:58:29,0,0,2847,621,0,0,0,0,1386,369,0,0,0,0,0,0,0,0,,,,,,,,,,,,,,,,,,
2026-05-14 22:58:29,0,0,2847,621,0,0,0,0,1386,369,0,0,0,0,0,0,0,0,,,,,,,,,,,,,,,,,,
2026-05-14 22:58:29,0,0,2847,621,0,0,0,0,1386,369,0,0,0,0,0,0,0,0,,,,,,,,,,,,,,,,,,
2026-05-14 22:58:29,0,0,2847,621,0,0,0,0,1386,369,0,0,0,0,0,0,0,0,,,,,,,,,,,,,,,,,,
2026-05-14 22:58:29,0,0,2847,621,0,0,0,0,1386,369,0,0,0,0,0,0,0,0,,,,,,,,,,,,,,,,,,
2026-05-14 22:58:29,0,0,2847,621,0,0,0,0,1386,369,0,0,0,0,0,0,0,0,,,,,,,,,,,,,,,,,,
2026-05-14 22:58:29,0,0,2847,621,0,0,0,0,1386,369,0,0,0,0,0,0,0,0,,,,,,,,,,,,,,,,,,
2026-05-14 22:58:29,0,0,2847,621,0,0,0,0,1386,369,0,0,0,0,0,0,0,0,,,,,,,,,,,,,,,,,,
2026-05-14 22:58:29,0,0,2847,621,0,0,0,0,1386,369,0,0,0,0,0,0,0,0,,,,,,,,,,,,,,,,,,
2026-05-14 22:58:29,0,0,2847,621,0,0,0,0,1386,369,0,0,0,0,0,0,0,0,,,,,,,,,,,,,,,,,,
2026-05-14 22:58:29,0,0,2847,621,0,0,0,0,1386,369,0,0,0,0,0,0,0,0,,,,,,,,,,,,,,,,,,
2026-05-14 22:58:29,0,0,2847,621,0,0,0,0,1386,369,0,0,0,0,0,0,0,0,,,,,,,,,,,,,,,,,,
2026-05-14 22:58:30,0,0,2847,621,0,0,0,0,1386,369,0,0,0,0,0,0,0,0,,,,,,,,,,,,,,,,,,
2026-05-14 22:58:30,0,0,2847,621,0,0,0,0,1386,369,0,0,0,0,0,0,0,0,,,,,,,,,,,,,,,,,,
2026-05-14 22:58:30,0,0,2847,621,0,0,0,0,1386,369,0,0,0,0,0,0,0,0,,,,,,,,,,,,,,,,,,
2026-05-14 22:58:30,0,0,2847,621,0,0,0,0,1386,369,0,0,0,0,0,0,0,0,,,,,,,,,,,,,,,,,,
2026-05-14 22:58:30,0,0,2847,621,0,0,0,0,1386,369,0,0,0,0,0,0,0,0,,,,,,,,,,,,,,,,,,
2026-05-14 22:58:30,0,0,2847,621,0,0,0,0,1386,369,0,0,0,0,0,0,0,0,,,,,,,,,,,,,,,,,,
2026-05-14 22:58:30,0,0,2847,621,0,0,0,0,1386,369,0,0,0,0,0,0,0,0,,,,,,,,,,,,,,,,,,
2026-05-14 22:58:30,0,0,2847,621,0,0,0,0,1386,369,0,0,0,0,0,0,0,0,,,,,,,,,,,,,,,,,,
2026-05-14 22:58:30,0,0,2847,621,0,0,0,0,1386,369,0,0,0,0,0,0,0,0,,,,,,,,,,,,,,,,,,
2026-05-14 22:58:30,0,0,2847,621,0,0,0,0,1386,369,0,0,0,0,0,0,0,0,,,,,,,,,,,,,,,,,,
2026-05-14 22:58:30,0,0,2847,621,0,0,0,0,1386,369,0,0,0,0,0,0,0,0,,,,,,,,,,,,,,,,,,
2026-05-14 22:58:30,0,0,2847,621,0,0,0,0,1386,369,0,0,0,0,0,0,0,0,,,,,,,,,,,,,,,,,,
2026-05-14 22:58:30,0,0,2847,621,0,0,0,0,1386,369,0,0,0,0,0,0,0,0,,,,,,,,,,,,,,,,,,
2026-05-14 22:58:30,0,0,2847,621,0,0,0,0,1386,369,0,0,0,0,0,0,0,0,,,,,,,,,,,,,,,,,,
2026-05-14 22:58:30,0,0,2847,621,0,0,0,0,1386,369,0,0,0,0,0,0,0,0,,,,,,,,,,,,,,,,,,
2026-05-14 22:58:30,0,0,2847,621,0,0,0,0,1386,369,0,0,0,0,0,0,0,0,,,,,,,,,,,,,,,,,,
2026-05-14 22:58:30,0,0,2847,621,0,0,0,0,1386,369,0,0,0,0,0,0,0,0,,,,,,,,,,,,,,,,,,
2026-05-14 22:58:30,0,0,2847,621,0,0,0,0,1386,369,0,0,0,0,0,0,0,0,,,,,,,,,,,,,,,,,,
2026-05-14 22:58:30,0,0,2847,621,0,0,0,0,1386,369,0,0,0,0,0,0,0,0,,,,,,,,,,,,,,,,,,
2026-05-14 22:58:30,0,0,2847,621,0,0,0,0,1386,369,0,0,0,0,0,0,0,0,,,,,,,,,,,,,,,,,,
2026-05-14 22:58:31,0,0,2847,621,0,0,0,0,1386,369,0,0,0,0,0,0,0,0,,,,,,,,,,,,,,,,,,
2026-05-14 22:58:31,0,0,2847,621,0,0,0,0,1386,369,0,0,0,0,0,0,0,0,,,,,,,,,,,,,,,,,,
2026-05-14 22:58:31,0,0,2847,621,0,0,0,0,1386,369,0,0,0,0,0,0,0,0,,,,,,,,,,,,,,,,,,
2026-05-14 22:58:31,0,0,2847,621,0,0,0,0,1386,369,0,0,0,0,0,0,0,0,,,,,,,,,,,,,,,,,,
2026-05-14 22:58:31,0,0,2847,621,0,0,0,0,1386,369,0,0,0,0,0,0,0,0,,,,,,,,,,,,,,,,,,
2026-05-14 22:58:31,0,0,2847,621,0,0,0,0,1386,369,0,0,0,0,0,0,0,0,,,,,,,,,,,,,,,,,,
2026-05-14 22:58:31,0,0,2847,621,0,0,0,0,1386,369,0,0,0,0,0,0,0,0,,,,,,,,,,,,,,,,,,
2026-05-14 22:58:31,0,0,2847,621,0,0,0,0,1386,369,0,0,0,0,0,0,0,0,,,,,,,,,,,,,,,,,,
2026-05-14 22:58:31,0,0,2847,621,0,0,0,0,1386,369,0,0,0,0,0,0,0,0,,,,,,,,,,,,,,,,,,
2026-05-14 22:58:31,0,0,2847,621,0,0,0,0,1386,369,0,0,0,0,0,0,0,0,,,,,,,,,,,,,,,,,,
2026-05-14 22:58:31,0,0,2847,621,0,0,0,0,1386,369,0,0,0,0,0,0,0,0,,,,,,,,,,,,,,,,,,
2026-05-14 22:58:31,0,0,2847,621,0,0,0,0,1386,369,0,0,0,0,0,0,0,0,,,,,,,,,,,,,,,,,,
2026-05-14 22:58:31,0,0,2847,621,0,0,0,0,1386,369,0,0,0,0,0,0,0,0,,,,,,,,,,,,,,,,,,
2026-05-14 22:58:31,0,0,2847,621,0,0,0,0,1386,369,0,0,0,0,0,0,0,0,,,,,,,,,,,,,,,,,,
2026-05-14 22:58:31,0,0,2847,621,0,0,0,0,1386,369,0,0,0,0,0,0,0,0,,,,,,,,,,,,,,,,,,
2026-05-14 22:58:31,0,0,2847,621,0,0,0,0,1386,369,0,0,0,0,0,0,0,0,,,,,,,,,,,,,,,,,,
2026-05-14 22:58:31,0,0,2847,621,0,0,0,0,1386,369,0,0,0,0,0,0,0,0,,,,,,,,,,,,,,,,,,
2026-05-14 22:58:31,0,0,2847,621,0,0,0,0,1386,369,0,0,0,0,0,0,0,0,,,,,,,,,,,,,,,,,,
2026-05-14 22:58:31,0,0,2847,621,0,0,0,0,1386,369,0,0,0,0,0,0,0,0,,,,,,,,,,,,,,,,,,
2026-05-14 22:58:31,0,0,2847,621,0,0,0,0,1386,369,0,0,0,0,0,0,0,0,,,,,,,,,,,,,,,,,,
2026-05-14 22:58:32,0,0,2847,621,0,0,0,0,1386,369,0,0,0,0,0,0,0,0,,,,,,,,,,,,,,,,,,
2026-05-14 22:58:32,0,0,2847,621,0,0,0,0,1386,369,0,0,0,0,0,0,0,0,,,,,,,,,,,,,,,,,,
2026-05-14 22:58:32,0,0,2847,621,0,0,0,0,1386,369,0,0,0,0,0,0,0,0,,,,,,,,,,,,,,,,,,
2026-05-14 22:58:32,0,0,2847,621,0,0,0,0,1386,369,0,0,0,0,0,0,0,0,,,,,,,,,,,,,,,,,,
2026-05-14 22:58:32,0,0,2847,621,0,0,0,0,1386,369,0,0,0,0,0,0,0,0,,,,,,,,,,,,,,,,,,
2026-05-14 22:58:32,0,0,2847,621,0,0,0,0,1386,369,0,0,0,0,0,0,0,0,,,,,,,,,,,,,,,,,,
2026-05-14 22:58:32,0,0,2847,621,0,0,0,0,1386,369,0,0,0,0,0,0,0,0,,,,,,,,,,,,,,,,,,
2026-05-14 22:58:32,0,0,2847,621,0,0,0,0,1386,369,0,0,0,0,0,0,0,0,,,,,,,,,,,,,,,,,,
2026-05-14 22:58:32,0,0,2847,621,0,0,0,0,1386,369,0,0,0,0,0,0,0,0,,,,,,,,,,,,,,,,,,
2026-05-14 22:58:32,0,0,2847,621,0,0,0,0,1386,369,0,0,0,0,0,0,0,0,,,,,,,,,,,,,,,,,,
2026-05-14 22:58:32,0,0,2847,621,0,0,0,0,1386,369,0,0,0,0,0,0,0,0,,,,,,,,,,,,,,,,,,
2026-05-14 22:58:32,0,0,2847,621,0,0,0,0,1386,369,0,0,0,0,0,0,0,0,,,,,,,,,,,,,,,,,,
2026-05-14 22:58:32,0,0,2847,621,0,0,0,0,1386,369,0,0,0,0,0,0,0,0,,,,,,,,,,,,,,,,,,
2026-05-14 22:58:32,0,0,2847,621,0,0,0,0,1386,369,0,0,0,0,0,0,0,0,,,,,,,,,,,,,,,,,,
2026-05-14 22:58:32,0,0,2847,621,0,0,0,0,1386,369,0,0,0,0,0,0,0,0,,,,,,,,,,,,,,,,,,
2026-05-14 22:58:32,0,0,2847,621,0,0,0,0,1386,369,0,0,0,0,0,0,0,0,,,,,,,,,,,,,,,,,,
2026-05-14 22:58:32,0,0,2847,621,0,0,0,0,1386,369,0,0,0,0,0,0,0,0,,,,,,,,,,,,,,,,,,
2026-05-14 22:58:32,0,0,2847,621,0,0,0,0,1386,369,0,0,0,0,0,0,0,0,,,,,,,,,,,,,,,,,,
2026-05-14 22:58:32,0,0,2847,621,0,0,0,0,1386,369,0,0,0,0,0,0,0,0,,,,,,,,,,,,,,,,,,
2026-05-14 22:58:32,0,0,2847,621,0,0,0,0,1386,369,0,0,0,0,0,0,0,0,,,,,,,,,,,,,,,,,,
2026-05-14 22:58:33,0,0,2847,621,0,0,0,0,1386,369,0,0,0,0,0,0,0,0,,,,,,,,,,,,,,,,,,
2026-05-14 22:58:33,0,0,2847,621,0,0,0,0,1386,369,0,0,0,0,0,0,0,0,,,,,,,,,,,,,,,,,,
2026-05-14 22:58:33,0,0,2847,621,0,0,0,0,1386,369,0,0,0,0,0,0,0,0,,,,,,,,,,,,,,,,,,
2026-05-14 22:58:33,0,0,2847,621,0,0,0,0,1386,369,0,0,0,0,0,0,0,0,,,,,,,,,,,,,,,,,,
2026-05-14 22:58:33,0,0,2847,621,0,0,0,0,1386,369,0,0,0,0,0,0,0,0,,,,,,,,,,,,,,,,,,
2026-05-14 22:58:33,0,0,2847,621,0,0,0,0,1386,369,0,0,0,0,0,0,0,0,,,,,,,,,,,,,,,,,,
2026-05-14 22:58:33,0,0,2847,621,0,0,0,0,1386,369,0,0,0,0,0,0,0,0,,,,,,,,,,,,,,,,,,
2026-05-14 22:58:33,0,0,2847,621,0,0,0,0,1386,369,0,0,0,0,0,0,0,0,,,,,,,,,,,,,,,,,,
2026-05-14 22:58:33,0,0,2847,621,0,0,0,0,1386,369,0,0,0,0,0,0,0,0,,,,,,,,,,,,,,,,,,
2026-05-14 22:58:33,0,0,2847,621,0,0,0,0,1386,369,0,0,0,0,0,0,0,0,,,,,,,,,,,,,,,,,,
2026-05-14 22:58:33,0,0,2847,621,0,0,0,0,1386,369,0,0,0,0,0,0,0,0,,,,,,,,,,,,,,,,,,
2026-05-14 22:58:33,0,0,2847,621,0,0,0,0,1386,369,0,0,0,0,0,0,0,0,,,,,,,,,,,,,,,,,,
2026-05-14 22:58:33,0,0,2847,621,0,0,0,0,1386,369,0,0,0,0,0,0,0,0,,,,,,,,,,,,,,,,,,
2026-05-14 22:58:33,0,0,2847,621,0,0,0,0,1386,369,0,0,0,0,0,0,0,0,,,,,,,,,,,,,,,,,,
2026-05-14 22:58:33,0,0,2847,621,0,0,0,0,1386,369,0,0,0,0,0,0,0,0,,,,,,,,,,,,,,,,,,
2026-05-14 22:58:33,0,0,2847,621,0,0,0,0,1386,369,0,0,0,0,0,0,0,0,,,,,,,,,,,,,,,,,,
2026-05-14 22:58:33,0,0,2847,621,0,0,0,0,1386,369,0,0,0,0,0,0,0,0,,,,,,,,,,,,,,,,,,
2026-05-14 22:58:33,0,0,2847,621,0,0,0,0,1386,369,0,0,0,0,0,0,0,0,,,,,,,,,,,,,,,,,,
2026-05-14 22:58:33,0,0,2847,621,0,0,0,0,1386,369,0,0,0,0,0,0,0,0,,,,,,,,,,,,,,,,,,
2026-05-14 22:58:33,0,0,2847,621,0,0,0,0,1386,369,0,0,0,0,0,0,0,0,,,,,,,,,,,,,,,,,,
2026-05-14 22:58:34,0,0,2847,621,0,0,0,0,1386,369,0,0,0,0,0,0,0,0,,,,,,,,,,,,,,,,,,
2026-05-14 22:58:34,0,0,2847,621,0,0,0,0,1386,369,0,0,0,0,0,0,0,0,,,,,,,,,,,,,,,,,,
2026-05-14 22:58:34,0,0,2847,621,0,0,0,0,1386,369,0,0,0,0,0,0,0,0,,,,,,,,,,,,,,,,,,
2026-05-14 22:58:34,0,0,2847,621,0,0,0,0,1386,369,0,0,0,0,0,0,0,0,,,,,,,,,,,,,,,,,,
2026-05-14 22:58:34,0,0,2847,621,0,0,0,0,1386,369,0,0,0,0,0,0,0,0,,,,,,,,,,,,,,,,,,
2026-05-14 22:58:34,0,0,2847,621,0,0,0,0,1386,369,0,0,0,0,0,0,0,0,,,,,,,,,,,,,,,,,,
2026-05-14 22:58:34,0,0,2847,621,0,0,0,0,1386,369,0,0,0,0,0,0,0,0,,,,,,,,,,,,,,,,,,
2026-05-14 22:58:34,0,0,2847,621,0,0,0,0,1386,369,0,0,0,0,0,0,0,0,,,,,,,,,,,,,,,,,,
2026-05-14 22:58:34,0,0,2847,621,0,0,0,0,1386,369,0,0,0,0,0,0,0,0,,,,,,,,,,,,,,,,,,
2026-05-14 22:58:34,0,0,2847,621,0,0,0,0,1386,369,0,0,0,0,0,0,0,0,,,,,,,,,,,,,,,,,,
2026-05-14 22:58:34,0,0,2847,621,0,0,0,0,1386,369,0,0,0,0,0,0,0,0,,,,,,,,,,,,,,,,,,
2026-05-14 22:58:34,0,0,2847,621,0,0,0,0,1386,369,0,0,0,0,0,0,0,0,,,,,,,,,,,,,,,,,,
2026-05-14 22:58:34,0,0,2847,621,0,0,0,0,1386,369,0,0,0,0,0,0,0,0,,,,,,,,,,,,,,,,,,
2026-05-14 22:58:34,0,0,2847,621,0,0,0,0,1386,369,0,0,0,0,0,0,0,0,,,,,,,,,,,,,,,,,,
2026-05-14 22:58:34,0,0,2847,621,0,0,0,0,1386,369,0,0,0,0,0,0,0,0,,,,,,,,,,,,,,,,,,
2026-05-14 22:58:34,0,0,2847,621,0,0,0,0,1386,369,0,0,0,0,0,0,0,0,,,,,,,,,,,,,,,,,,
2026-05-14 22:58:34,0,0,2847,621,0,0,0,0,1386,369,0,0,0,0,0,0,0,0,,,,,,,,,,,,,,,,,,
2026-05-14 22:58:34,0,0,2847,621,0,0,0,0,1386,369,0,0,0,0,0,0,0,0,,,,,,,,,,,,,,,,,,
2026-05-14 22:58:34,0,0,2847,621,0,0,0,0,1386,369,0,0,0,0,0,0,0,0,,,,,,,,,,,,,,,,,,
2026-05-14 22:58:34,0,0,2847,621,0,0,0,0,1386,369,0,0,0,0,0,0,0,0,,,,,,,,,,,,,,,,,,
2026-05-14 22:58:35,0,0,2847,621,0,0,0,0,1386,369,0,0,0,0,0,0,0,0,,,,,,,,,,,,,,,,,,
2026-05-14 22:58:35,0,0,2847,621,0,0,0,0,1386,369,0,0,0,0,0,0,0,0,,,,,,,,,,,,,,,,,,
2026-05-14 22:58:35,0,0,2847,621,0,0,0,0,1386,369,0,0,0,0,0,0,0,0,,,,,,,,,,,,,,,,,,
2026-05-14 22:58:35,0,0,2847,621,0,0,0,0,1386,369,0,0,0,0,0,0,0,0,,,,,,,,,,,,,,,,,,
2026-05-14 22:58:35,0,0,2847,621,0,0,0,0,1386,369,0,0,0,0,0,0,0,0,,,,,,,,,,,,,,,,,,
2026-05-14 22:58:35,0,0,2847,621,0,0,0,0,1386,369,0,0,0,0,0,0,0,0,,,,,,,,,,,,,,,,,,
2026-05-14 22:58:35,0,0,2847,621,0,0,0,0,1386,369,0,0,0,0,0,0,0,0,,,,,,,,,,,,,,,,,,
2026-05-14 22:58:35,0,0,2847,621,0,0,0,0,1386,369,0,0,0,0,0,0,0,0,,,,,,,,,,,,,,,,,,
2026-05-14 22:58:35,0,0,2847,621,0,0,0,0,1386,369,0,0,0,0,0,0,0,0,,,,,,,,,,,,,,,,,,
2026-05-14 22:58:35,0,0,2847,621,0,0,0,0,1386,369,0,0,0,0,0,0,0,0,,,,,,,,,,,,,,,,,,
2026-05-14 22:58:35,0,0,2847,621,0,0,0,0,1386,369,0,0,0,0,0,0,0,0,,,,,,,,,,,,,,,,,,
2026-05-14 22:58:35,0,0,2847,621,0,0,0,0,1386,369,0,0,0,0,0,0,0,0,,,,,,,,,,,,,,,,,,
2026-05-14 22:58:35,0,0,2847,621,0,0,0,0,1386,369,0,0,0,0,0,0,0,0,,,,,,,,,,,,,,,,,,
2026-05-14 22:58:35,0,0,2847,621,0,0,0,0,1386,369,0,0,0,0,0,0,0,0,,,,,,,,,,,,,,,,,,
2026-05-14 22:58:35,0,0,2847,621,0,0,0,0,1386,369,0,0,0,0,0,0,0,0,,,,,,,,,,,,,,,,,,
2026-05-14 22:58:35,0,0,2847,621,0,0,0,0,1386,369,0,0,0,0,0,0,0,0,,,,,,,,,,,,,,,,,,
2026-05-14 22:58:35,0,0,2847,621,0,0,0,0,1386,369,0,0,0,0,0,0,0,0,,,,,,,,,,,,,,,,,,
2026-05-14 22:58:35,0,0,2847,621,0,0,0,0,1386,369,0,0,0,0,0,0,0,0,,,,,,,,,,,,,,,,,,
2026-05-14 22:58:35,0,0,2847,621,0,0,0,0,1386,369,0,0,0,0,0,0,0,0,,,,,,,,,,,,,,,,,,
2026-05-14 22:58:35,0,0,2847,621,0,0,0,0,1386,369,0,0,0,0,0,0,0,0,,,,,,,,,,,,,,,,,,
2026-05-14 22:58:36,0,0,2847,621,0,0,0,0,1386,369,0,0,0,0,0,0,0,0,,,,,,,,,,,,,,,,,,
2026-05-14 22:58:36,0,0,2847,621,0,0,0,0,1386,369,0,0,0,0,0,0,0,0,,,,,,,,,,,,,,,,,,
2026-05-14 22:58:36,0,0,2847,621,0,0,0,0,1386,369,0,0,0,0,0,0,0,0,,,,,,,,,,,,,,,,,,
2026-05-14 22:58:36,0,0,2847,621,0,0,0,0,1386,369,0,0,0,0,0,0,0,0,,,,,,,,,,,,,,,,,,
2026-05-14 22:58:36,0,0,2847,621,0,0,0,0,1386,369,0,0,0,0,0,0,0,0,,,,,,,,,,,,,,,,,,
2026-05-14 22:58:36,0,0,2847,621,0,0,0,0,1386,369,0,0,0,0,0,0,0,0,,,,,,,,,,,,,,,,,,
2026-05-14 22:58:36,0,0,2847,621,0,0,0,0,1386,369,0,0,0,0,0,0,0,0,,,,,,,,,,,,,,,,,,
2026-05-14 22:58:36,0,0,2847,621,0,0,0,0,1386,369,0,0,0,0,0,0,0,0,,,,,,,,,,,,,,,,,,
2026-05-14 22:58:36,0,0,2847,621,0,0,0,0,1386,369,0,0,0,0,0,0,0,0,,,,,,,,,,,,,,,,,,
2026-05-14 22:58:36,0,0,2847,621,0,0,0,0,1386,369,0,0,0,0,0,0,0,0,,,,,,,,,,,,,,,,,,
2026-05-14 22:58:36,0,0,2847,621,0,0,0,0,1386,369,0,0,0,0,0,0,0,0,,,,,,,,,,,,,,,,,,
2026-05-14 22:58:36,0,0,2847,621,0,0,0,0,1386,369,0,0,0,0,0,0,0,0,,,,,,,,,,,,,,,,,,
2026-05-14 22:58:36,0,0,2847,621,0,0,0,0,1386,369,0,0,0,0,0,0,0,0,,,,,,,,,,,,,,,,,,
2026-05-14 22:58:36,0,0,2847,621,0,0,0,0,1386,369,0,0,0,0,0,0,0,0,,,,,,,,,,,,,,,,,,
2026-05-14 22:58:36,0,0,2847,621,0,0,0,0,1386,369,0,0,0,0,0,0,0,0,,,,,,,,,,,,,,,,,,
2026-05-14 22:58:36,0,0,2847,621,0,0,0,0,1386,369,0,0,0,0,0,0,0,0,,,,,,,,,,,,,,,,,,
2026-05-14 22:58:36,0,0,2847,621,0,0,0,0,1386,369,0,0,0,0,0,0,0,0,,,,,,,,,,,,,,,,,,
2026-05-14 22:58:36,0,0,2847,621,0,0,0,0,1386,369,0,0,0,0,0,0,0,0,,,,,,,,,,,,,,,,,,
2026-05-14 22:58:36,0,0,2847,621,0,0,0,0,1386,369,0,0,0,0,0,0,0,0,,,,,,,,,,,,,,,,,,
2026-05-14 22:58:36,0,0,2847,621,0,0,0,0,1386,369,0,0,0,0,0,0,0,0,,,,,,,,,,,,,,,,,,
2026-05-14 22:58:37,0,0,2847,621,0,0,0,0,1386,369,0,0,0,0,0,0,0,0,,,,,,,,,,,,,,,,,,
2026-05-14 22:58:37,0,0,2847,621,0,0,0,0,1386,369,0,0,0,0,0,0,0,0,,,,,,,,,,,,,,,,,,
2026-05-14 22:58:37,0,0,2847,621,0,0,0,0,1386,369,0,0,0,0,0,0,0,0,,,,,,,,,,,,,,,,,,
2026-05-14 22:58:37,0,0,2847,621,0,0,0,0,1386,369,0,0,0,0,0,0,0,0,,,,,,,,,,,,,,,,,,
2026-05-14 22:58:37,0,0,2847,621,0,0,0,0,1386,369,0,0,0,0,0,0,0,0,,,,,,,,,,,,,,,,,,
2026-05-14 22:58:37,0,0,2847,621,0,0,0,0,1386,369,0,0,0,0,0,0,0,0,,,,,,,,,,,,,,,,,,
2026-05-14 22:58:37,0,0,2847,621,0,0,0,0,1386,369,0,0,0,0,0,0,0,0,,,,,,,,,,,,,,,,,,
2026-05-14 22:58:37,0,0,2847,621,0,0,0,0,1386,369,0,0,0,0,0,0,0,0,,,,,,,,,,,,,,,,,,
2026-05-14 22:58:37,0,0,2847,621,0,0,0,0,1386,369,0,0,0,0,0,0,0,0,,,,,,,,,,,,,,,,,,
2026-05-14 22:58:37,0,0,2847,621,0,0,0,0,1386,369,0,0,0,0,0,0,0,0,,,,,,,,,,,,,,,,,,
2026-05-14 22:58:37,0,0,2847,621,0,0,0,0,1386,369,0,0,0,0,0,0,0,0,,,,,,,,,,,,,,,,,,
2026-05-14 22:58:37,0,0,2847,621,0,0,0,0,1386,369,0,0,0,0,0,0,0,0,,,,,,,,,,,,,,,,,,
2026-05-14 22:58:37,0,0,2847,621,0,0,0,0,1386,369,0,0,0,0,0,0,0,0,,,,,,,,,,,,,,,,,,
2026-05-14 22:58:37,0,0,2847,621,0,0,0,0,1386,369,0,0,0,0,0,0,0,0,,,,,,,,,,,,,,,,,,
2026-05-14 22:58:37,0,0,2847,621,0,0,0,0,1386,369,0,0,0,0,0,0,0,0,,,,,,,,,,,,,,,,,,
2026-05-14 22:58:37,0,0,2847,621,0,0,0,0,1386,369,0,0,0,0,0,0,0,0,,,,,,,,,,,,,,,,,,
2026-05-14 22:58:37,0,0,2847,621,0,0,0,0,1386,369,0,0,0,0,0,0,0,0,,,,,,,,,,,,,,,,,,
2026-05-14 22:58:37,0,0,2847,621,0,0,0,0,1386,369,0,0,0,0,0,0,0,0,,,,,,,,,,,,,,,,,,
2026-05-14 22:58:37,0,0,2847,621,0,0,0,0,1386,369,0,0,0,0,0,0,0,0,,,,,,,,,,,,,,,,,,
2026-05-14 22:58:37,0,0,2847,621,0,0,0,0,1386,369,0,0,0,0,0,0,0,0,,,,,,,,,,,,,,,,,,
2026-05-14 22:58:38,0,0,2847,621,0,0,0,0,1386,369,0,0,0,0,0,0,0,0,,,,,,,,,,,,,,,,,,
2026-05-14 22:58:38,0,0,2847,621,0,0,0,0,1386,369,0,0,0,0,0,0,0,0,,,,,,,,,,,,,,,,,,
2026-05-14 22:58:38,0,0,2847,621,0,0,0,0,1386,369,0,0,0,0,0,0,0,0,,,,,,,,,,,,,,,,,,
2026-05-14 22:58:38,0,0,2847,621,0,0,0,0,1386,369,0,0,0,0,0,0,0,0,,,,,,,,,,,,,,,,,,
2026-05-14 22:58:38,0,0,2847,621,0,0,0,0,1386,369,0,0,0,0,0,0,0,0,,,,,,,,,,,,,,,,,,
2026-05-14 22:58:38,0,0,2847,621,0,0,0,0,1386,369,0,0,0,0,0,0,0,0,,,,,,,,,,,,,,,,,,
2026-05-14 22:58:38,0,0,2847,621,0,0,0,0,1386,369,0,0,0,0,0,0,0,0,,,,,,,,,,,,,,,,,,
2026-05-14 22:58:38,0,0,2847,621,0,0,0,0,1386,369,0,0,0,0,0,0,0,0,,,,,,,,,,,,,,,,,,
2026-05-14 22:58:38,0,0,2847,621,0,0,0,0,1386,369,0,0,0,0,0,0,0,0,,,,,,,,,,,,,,,,,,
2026-05-14 22:58:38,0,0,2847,621,0,0,0,0,1386,369,0,0,0,0,0,0,0,0,,,,,,,,,,,,,,,,,,
2026-05-14 22:58:38,0,0,2847,621,0,0,0,0,1386,369,0,0,0,0,0,0,0,0,,,,,,,,,,,,,,,,,,
2026-05-14 22:58:38,0,0,2847,621,0,0,0,0,1386,369,0,0,0,0,0,0,0,0,,,,,,,,,,,,,,,,,,
2026-05-14 22:58:38,0,0,2847,621,0,0,0,0,1386,369,0,0,0,0,0,0,0,0,,,,,,,,,,,,,,,,,,
2026-05-14 22:58:38,0,0,2847,621,0,0,0,0,1386,369,0,0,0,0,0,0,0,0,,,,,,,,,,,,,,,,,,
2026-05-14 22:58:38,0,0,2847,621,0,0,0,0,1386,369,0,0,0,0,0,0,0,0,,,,,,,,,,,,,,,,,,
2026-05-14 22:58:38,0,0,2847,621,0,0,0,0,1386,369,0,0,0,0,0,0,0,0,,,,,,,,,,,,,,,,,,
2026-05-14 22:58:38,0,0,2847,621,0,0,0,0,1386,369,0,0,0,0,0,0,0,0,,,,,,,,,,,,,,,,,,
2026-05-14 22:58:38,0,0,2847,621,0,0,0,0,1386,369,0,0,0,0,0,0,0,0,,,,,,,,,,,,,,,,,,
2026-05-14 22:58:38,0,0,2847,621,0,0,0,0,1386,369,0,0,0,0,0,0,0,0,,,,,,,,,,,,,,,,,,
2026-05-14 22:58:38,0,0,2847,621,0,0,0,0,1386,369,0,0,0,0,0,0,0,0,,,,,,,,,,,,,,,,,,
2026-05-14 22:58:39,0,0,2847,621,0,0,0,0,1386,369,0,0,0,0,0,0,0,0,,,,,,,,,,,,,,,,,,
2026-05-14 22:58:39,0,0,2847,621,0,0,0,0,1386,369,0,0,0,0,0,0,0,0,,,,,,,,,,,,,,,,,,
2026-05-14 22:58:39,0,0,2847,621,0,0,0,0,1386,369,0,0,0,0,0,0,0,0,,,,,,,,,,,,,,,,,,
2026-05-14 22:58:39,0,0,2847,621,0,0,0,0,1386,369,0,0,0,0,0,0,0,0,,,,,,,,,,,,,,,,,,
2026-05-14 22:58:39,0,0,2847,621,0,0,0,0,1386,369,0,0,0,0,0,0,0,0,,,,,,,,,,,,,,,,,,
2026-05-14 22:58:39,0,0,2847,621,0,0,0,0,1386,369,0,0,0,0,0,0,0,0,,,,,,,,,,,,,,,,,,
2026-05-14 22:58:39,0,0,2847,621,0,0,0,0,1386,369,0,0,0,0,0,0,0,0,,,,,,,,,,,,,,,,,,
2026-05-14 22:58:39,0,0,2847,621,0,0,0,0,1386,369,0,0,0,0,0,0,0,0,,,,,,,,,,,,,,,,,,
2026-05-14 22:58:39,0,0,2847,621,0,0,0,0,1386,369,0,0,0,0,0,0,0,0,,,,,,,,,,,,,,,,,,
2026-05-14 22:58:39,0,0,2847,621,0,0,0,0,1386,369,0,0,0,0,0,0,0,0,,,,,,,,,,,,,,,,,,
2026-05-14 22:58:39,0,0,2847,621,0,0,0,0,1386,369,0,0,0,0,0,0,0,0,,,,,,,,,,,,,,,,,,
2026-05-14 22:58:39,0,0,2847,621,0,0,0,0,1386,369,0,0,0,0,0,0,0,0,,,,,,,,,,,,,,,,,,
2026-05-14 22:58:39,0,0,2847,621,0,0,0,0,1386,369,0,0,0,0,0,0,0,0,,,,,,,,,,,,,,,,,,
2026-05-14 22:58:39,0,0,2847,621,0,0,0,0,1386,369,0,0,0,0,0,0,0,0,,,,,,,,,,,,,,,,,,
2026-05-14 22:58:39,0,0,2847,621,0,0,0,0,1386,369,0,0,0,0,0,0,0,0,,,,,,,,,,,,,,,,,,
2026-05-14 22:58:39,0,0,2847,621,0,0,0,0,1386,369,0,0,0,0,0,0,0,0,,,,,,,,,,,,,,,,,,
2026-05-14 22:58:39,0,0,2847,621,0,0,0,0,1386,369,0,0,0,0,0,0,0,0,,,,,,,,,,,,,,,,,,
2026-05-14 22:58:39,0,0,2847,621,0,0,0,0,1386,369,0,0,0,0,0,0,0,0,,,,,,,,,,,,,,,,,,
2026-05-14 22:58:39,0,0,2847,621,0,0,0,0,1386,369,0,0,0,0,0,0,0,0,,,,,,,,,,,,,,,,,,
2026-05-14 22:58:39,0,0,2847,621,0,0,0,0,1386,369,0,0,0,0,0,0,0,0,,,,,,,,,,,,,,,,,,
2026-05-14 22:58:40,0,0,2847,621,0,0,0,0,1386,369,0,0,0,0,0,0,0,0,,,,,,,,,,,,,,,,,,
2026-05-14 22:58:40,0,0,2847,621,0,0,0,0,1386,369,0,0,0,0,0,0,0,0,,,,,,,,,,,,,,,,,,
2026-05-14 22:58:40,0,0,2847,621,0,0,0,0,1386,369,0,0,0,0,0,0,0,0,,,,,,,,,,,,,,,,,,
2026-05-14 22:58:40,0,0,2847,621,0,0,0,0,1386,369,0,0,0,0,0,0,0,0,,,,,,,,,,,,,,,,,,
2026-05-14 22:58:40,0,0,2847,621,0,0,0,0,1386,369,0,0,0,0,0,0,0,0,,,,,,,,,,,,,,,,,,
2026-05-14 22:58:40,0,0,2847,621,0,0,0,0,1386,369,0,0,0,0,0,0,0,0,,,,,,,,,,,,,,,,,,
2026-05-14 22:58:40,0,0,2847,621,0,0,0,0,1386,369,0,0,0,0,0,0,0,0,,,,,,,,,,,,,,,,,,
2026-05-14 22:58:40,0,0,2847,621,0,0,0,0,1386,369,0,0,0,0,0,0,0,0,,,,,,,,,,,,,,,,,,
2026-05-14 22:58:40,0,0,2847,621,0,0,0,0,1386,369,0,0,0,0,0,0,0,0,,,,,,,,,,,,,,,,,,
2026-05-14 22:58:40,0,0,2847,621,0,0,0,0,1386,369,0,0,0,0,0,0,0,0,,,,,,,,,,,,,,,,,,
2026-05-14 22:58:40,0,0,2847,621,0,0,0,0,1386,369,0,0,0,0,0,0,0,0,,,,,,,,,,,,,,,,,,
2026-05-14 22:58:40,0,0,2847,621,0,0,0,0,1386,369,0,0,0,0,0,0,0,0,,,,,,,,,,,,,,,,,,
2026-05-14 22:58:40,0,0,2847,621,0,0,0,0,1386,369,0,0,0,0,0,0,0,0,,,,,,,,,,,,,,,,,,
2026-05-14 22:58:40,0,0,2847,621,0,0,0,0,1386,369,0,0,0,0,0,0,0,0,,,,,,,,,,,,,,,,,,
2026-05-14 22:58:40,0,0,2847,621,0,0,0,0,1386,369,0,0,0,0,0,0,0,0,,,,,,,,,,,,,,,,,,
2026-05-14 22:58:40,0,0,2847,621,0,0,0,0,1386,369,0,0,0,0,0,0,0,0,,,,,,,,,,,,,,,,,,
2026-05-14 22:58:40,0,0,2847,621,0,0,0,0,1386,369,0,0,0,0,0,0,0,0,,,,,,,,,,,,,,,,,,
2026-05-14 22:58:40,0,0,2847,621,0,0,0,0,1386,369,0,0,0,0,0,0,0,0,,,,,,,,,,,,,,,,,,
2026-05-14 22:58:40,0,0,2847,621,0,0,0,0,1386,369,0,0,0,0,0,0,0,0,,,,,,,,,,,,,,,,,,
2026-05-14 22:58:40,0,0,2847,621,0,0,0,0,1386,369,0,0,0,0,0,0,0,0,,,,,,,,,,,,,,,,,,
2026-05-14 22:58:41,0,0,2847,621,0,0,0,0,1386,369,0,0,0,0,0,0,0,0,,,,,,,,,,,,,,,,,,
2026-05-14 22:58:41,0,0,2847,621,0,0,0,0,1386,369,0,0,0,0,0,0,0,0,,,,,,,,,,,,,,,,,,
2026-05-14 22:58:41,0,0,2847,621,0,0,0,0,1386,369,0,0,0,0,0,0,0,0,,,,,,,,,,,,,,,,,,
2026-05-14 22:58:41,0,0,2847,621,0,0,0,0,1386,369,0,0,0,0,0,0,0,0,,,,,,,,,,,,,,,,,,
2026-05-14 22:58:41,0,0,2847,621,0,0,0,0,1386,369,0,0,0,0,0,0,0,0,,,,,,,,,,,,,,,,,,
2026-05-14 22:58:41,0,0,2847,621,0,0,0,0,1386,369,0,0,0,0,0,0,0,0,,,,,,,,,,,,,,,,,,
2026-05-14 22:58:41,0,0,2847,621,0,0,0,0,1386,369,0,0,0,0,0,0,0,0,,,,,,,,,,,,,,,,,,
2026-05-14 22:58:41,0,0,2847,621,0,0,0,0,1386,369,0,0,0,0,0,0,0,0,,,,,,,,,,,,,,,,,,
2026-05-14 22:58:41,0,0,2847,621,0,0,0,0,1386,369,0,0,0,0,0,0,0,0,,,,,,,,,,,,,,,,,,
2026-05-14 22:58:41,0,0,2847,621,0,0,0,0,1386,369,0,0,0,0,0,0,0,0,,,,,,,,,,,,,,,,,,
2026-05-14 22:58:41,0,0,2847,621,0,0,0,0,1386,369,0,0,0,0,0,0,0,0,,,,,,,,,,,,,,,,,,
2026-05-14 22:58:41,0,0,2847,621,0,0,0,0,1386,369,0,0,0,0,0,0,0,0,,,,,,,,,,,,,,,,,,
2026-05-14 22:58:41,0,0,2847,621,0,0,0,0,1386,369,0,0,0,0,0,0,0,0,,,,,,,,,,,,,,,,,,
2026-05-14 22:58:41,0,0,2847,621,0,0,0,0,1386,369,0,0,0,0,0,0,0,0,,,,,,,,,,,,,,,,,,
2026-05-14 22:58:41,0,0,2847,621,0,0,0,0,1386,369,0,0,0,0,0,0,0,0,,,,,,,,,,,,,,,,,,
2026-05-14 22:58:41,0,0,2847,621,0,0,0,0,1386,369,0,0,0,0,0,0,0,0,,,,,,,,,,,,,,,,,,
2026-05-14 22:58:41,0,0,2847,621,0,0,0,0,1386,369,0,0,0,0,0,0,0,0,,,,,,,,,,,,,,,,,,
2026-05-14 22:58:41,0,0,2847,621,0,0,0,0,1386,369,0,0,0,0,0,0,0,0,,,,,,,,,,,,,,,,,,
2026-05-14 22:58:41,0,0,2847,621,0,0,0,0,1386,369,0,0,0,0,0,0,0,0,,,,,,,,,,,,,,,,,,
2026-05-14 22:58:41,0,0,2847,621,0,0,0,0,1386,369,0,0,0,0,0,0,0,0,,,,,,,,,,,,,,,,,,
2026-05-14 22:58:42,0,0,2847,621,0,0,0,0,1386,369,0,0,0,0,0,0,0,0,,,,,,,,,,,,,,,,,,
2026-05-14 22:58:42,0,0,2847,621,0,0,0,0,1386,369,0,0,0,0,0,0,0,0,,,,,,,,,,,,,,,,,,
2026-05-14 22:58:42,0,0,2847,621,0,0,0,0,1386,369,0,0,0,0,0,0,0,0,,,,,,,,,,,,,,,,,,
2026-05-14 22:58:42,0,0,2847,621,0,0,0,0,1386,369,0,0,0,0,0,0,0,0,,,,,,,,,,,,,,,,,,
2026-05-14 22:58:42,0,0,2847,621,0,0,0,0,1386,369,0,0,0,0,0,0,0,0,,,,,,,,,,,,,,,,,,
2026-05-14 22:58:42,0,0,2847,621,0,0,0,0,1386,369,0,0,0,0,0,0,0,0,,,,,,,,,,,,,,,,,,
2026-05-14 22:58:42,0,0,2847,621,0,0,0,0,1386,369,0,0,0,0,0,0,0,0,,,,,,,,,,,,,,,,,,
2026-05-14 22:58:42,0,0,2847,621,0,0,0,0,1386,369,0,0,0,0,0,0,0,0,,,,,,,,,,,,,,,,,,
2026-05-14 22:58:42,0,0,2847,621,0,0,0,0,1386,369,0,0,0,0,0,0,0,0,,,,,,,,,,,,,,,,,,
2026-05-14 22:58:42,0,0,2847,621,0,0,0,0,1386,369,0,0,0,0,0,0,0,0,,,,,,,,,,,,,,,,,,
2026-05-14 22:58:42,0,0,2847,621,0,0,0,0,1386,369,0,0,0,0,0,0,0,0,,,,,,,,,,,,,,,,,,
2026-05-14 22:58:42,0,0,2847,621,0,0,0,0,1386,369,0,0,0,0,0,0,0,0,,,,,,,,,,,,,,,,,,
2026-05-14 22:58:42,0,0,2847,621,0,0,0,0,1386,369,0,0,0,0,0,0,0,0,,,,,,,,,,,,,,,,,,
2026-05-14 22:58:42,0,0,2847,621,0,0,0,0,1386,369,0,0,0,0,0,0,0,0,,,,,,,,,,,,,,,,,,
2026-05-14 22:58:42,0,0,2847,621,0,0,0,0,1386,369,0,0,0,0,0,0,0,0,,,,,,,,,,,,,,,,,,
2026-05-14 22:58:42,0,0,2847,621,0,0,0,0,1386,369,0,0,0,0,0,0,0,0,,,,,,,,,,,,,,,,,,
2026-05-14 22:58:42,0,0,2847,621,0,0,0,0,1386,369,0,0,0,0,0,0,0,0,,,,,,,,,,,,,,,,,,
2026-05-14 22:58:42,0,0,2847,621,0,0,0,0,1386,369,0,0,0,0,0,0,0,0,,,,,,,,,,,,,,,,,,
2026-05-14 22:58:42,0,0,2847,621,0,0,0,0,1386,369,0,0,0,0,0,0,0,0,,,,,,,,,,,,,,,,,,
2026-05-14 22:58:42,0,0,2847,621,0,0,0,0,1386,369,0,0,0,0,0,0,0,0,,,,,,,,,,,,,,,,,,
2026-05-14 22:58:43,0,0,2847,621,0,0,0,0,1386,369,0,0,0,0,0,0,0,0,,,,,,,,,,,,,,,,,,
2026-05-14 22:58:43,0,0,2847,621,0,0,0,0,1386,369,0,0,0,0,0,0,0,0,,,,,,,,,,,,,,,,,,
2026-05-14 22:58:43,0,0,2847,621,0,0,0,0,1386,369,0,0,0,0,0,0,0,0,,,,,,,,,,,,,,,,,,
2026-05-14 22:58:43,0,0,2847,621,0,0,0,0,1386,369,0,0,0,0,0,0,0,0,,,,,,,,,,,,,,,,,,
2026-05-14 22:58:43,0,0,2847,621,0,0,0,0,1386,369,0,0,0,0,0,0,0,0,,,,,,,,,,,,,,,,,,
2026-05-14 22:58:43,0,0,2847,621,0,0,0,0,1386,369,0,0,0,0,0,0,0,0,,,,,,,,,,,,,,,,,,
2026-05-14 22:58:43,0,0,2847,621,0,0,0,0,1386,369,0,0,0,0,0,0,0,0,,,,,,,,,,,,,,,,,,
2026-05-14 22:58:43,0,0,2847,621,0,0,0,0,1386,369,0,0,0,0,0,0,0,0,,,,,,,,,,,,,,,,,,
2026-05-14 22:58:43,0,0,2847,621,0,0,0,0,1386,369,0,0,0,0,0,0,0,0,,,,,,,,,,,,,,,,,,
2026-05-14 22:58:43,0,0,2847,621,0,0,0,0,1386,369,0,0,0,0,0,0,0,0,,,,,,,,,,,,,,,,,,
2026-05-14 22:58:43,0,0,2847,621,0,0,0,0,1386,369,0,0,0,0,0,0,0,0,,,,,,,,,,,,,,,,,,
2026-05-14 22:58:43,0,0,2847,621,0,0,0,0,1386,369,0,0,0,0,0,0,0,0,,,,,,,,,,,,,,,,,,
2026-05-14 22:58:43,0,0,2847,621,0,0,0,0,1386,369,0,0,0,0,0,0,0,0,,,,,,,,,,,,,,,,,,
2026-05-14 22:58:43,0,0,2847,621,0,0,0,0,1386,369,0,0,0,0,0,0,0,0,,,,,,,,,,,,,,,,,,
2026-05-14 22:58:43,0,0,2847,621,0,0,0,0,1386,369,0,0,0,0,0,0,0,0,,,,,,,,,,,,,,,,,,
2026-05-14 22:58:43,0,0,2847,621,0,0,0,0,1386,369,0,0,0,0,0,0,0,0,,,,,,,,,,,,,,,,,,
2026-05-14 22:58:43,0,0,2847,621,0,0,0,0,1386,369,0,0,0,0,0,0,0,0,,,,,,,,,,,,,,,,,,
2026-05-14 22:58:43,0,0,2847,621,0,0,0,0,1386,369,0,0,0,0,0,0,0,0,,,,,,,,,,,,,,,,,,
2026-05-14 22:58:43,0,0,2847,621,0,0,0,0,1386,369,0,0,0,0,0,0,0,0,,,,,,,,,,,,,,,,,,
2026-05-14 22:58:43,0,0,2847,621,0,0,0,0,1386,369,0,0,0,0,0,0,0,0,,,,,,,,,,,,,,,,,,
2026-05-14 22:58:44,0,0,2847,621,0,0,0,0,1386,369,0,0,0,0,0,0,0,0,,,,,,,,,,,,,,,,,,
2026-05-14 22:58:44,0,0,2847,621,0,0,0,0,1386,369,0,0,0,0,0,0,0,0,,,,,,,,,,,,,,,,,,
2026-05-14 22:58:44,0,0,2847,621,0,0,0,0,1386,369,0,0,0,0,0,0,0,0,,,,,,,,,,,,,,,,,,
2026-05-14 22:58:44,0,0,2847,621,0,0,0,0,1386,369,0,0,0,0,0,0,0,0,,,,,,,,,,,,,,,,,,
2026-05-14 22:58:44,0,0,2847,621,0,0,0,0,1386,369,0,0,0,0,0,0,0,0,,,,,,,,,,,,,,,,,,
2026-05-14 22:58:44,0,0,2847,621,0,0,0,0,1386,369,0,0,0,0,0,0,0,0,,,,,,,,,,,,,,,,,,
2026-05-14 22:58:44,0,0,2847,621,0,0,0,0,1386,369,0,0,0,0,0,0,0,0,,,,,,,,,,,,,,,,,,
2026-05-14 22:58:44,0,0,2847,621,0,0,0,0,1386,369,0,0,0,0,0,0,0,0,,,,,,,,,,,,,,,,,,
2026-05-14 22:58:44,0,0,2847,621,0,0,0,0,1386,369,0,0,0,0,0,0,0,0,,,,,,,,,,,,,,,,,,
2026-05-14 22:58:44,0,0,2847,621,0,0,0,0,1386,369,0,0,0,0,0,0,0,0,,,,,,,,,,,,,,,,,,
2026-05-14 22:58:44,0,0,2847,621,0,0,0,0,1386,369,0,0,0,0,0,0,0,0,,,,,,,,,,,,,,,,,,
2026-05-14 22:58:44,0,0,2847,621,0,0,0,0,1386,369,0,0,0,0,0,0,0,0,,,,,,,,,,,,,,,,,,
2026-05-14 22:58:44,0,0,2847,621,0,0,0,0,1386,369,0,0,0,0,0,0,0,0,,,,,,,,,,,,,,,,,,
2026-05-14 22:58:44,0,0,2847,621,0,0,0,0,1386,369,0,0,0,0,0,0,0,0,,,,,,,,,,,,,,,,,,
2026-05-14 22:58:44,0,0,2847,621,0,0,0,0,1386,369,0,0,0,0,0,0,0,0,,,,,,,,,,,,,,,,,,
2026-05-14 22:58:44,0,0,2847,621,0,0,0,0,1386,369,0,0,0,0,0,0,0,0,,,,,,,,,,,,,,,,,,
2026-05-14 22:58:44,0,0,2847,621,0,0,0,0,1386,369,0,0,0,0,0,0,0,0,,,,,,,,,,,,,,,,,,
2026-05-14 22:58:44,0,0,2847,621,0,0,0,0,1386,369,0,0,0,0,0,0,0,0,,,,,,,,,,,,,,,,,,
2026-05-14 22:58:44,0,0,2847,621,0,0,0,0,1386,369,0,0,0,0,0,0,0,0,,,,,,,,,,,,,,,,,,
2026-05-14 22:58:44,0,0,2847,621,0,0,0,0,1386,369,0,0,0,0,0,0,0,0,,,,,,,,,,,,,,,,,,
2026-05-14 22:58:45,0,0,2847,621,0,0,0,0,1386,369,0,0,0,0,0,0,0,0,,,,,,,,,,,,,,,,,,
2026-05-14 22:58:45,0,0,2847,621,0,0,0,0,1386,369,0,0,0,0,0,0,0,0,,,,,,,,,,,,,,,,,,
2026-05-14 22:58:45,0,0,2847,621,0,0,0,0,1386,369,0,0,0,0,0,0,0,0,,,,,,,,,,,,,,,,,,
2026-05-14 22:58:45,0,0,2847,621,0,0,0,0,1386,369,0,0,0,0,0,0,0,0,,,,,,,,,,,,,,,,,,
2026-05-14 22:58:45,0,0,2847,621,0,0,0,0,1386,369,0,0,0,0,0,0,0,0,,,,,,,,,,,,,,,,,,
2026-05-14 22:58:45,0,0,2847,621,0,0,0,0,1386,369,0,0,0,0,0,0,0,0,,,,,,,,,,,,,,,,,,
2026-05-14 22:58:45,0,0,2847,621,0,0,0,0,1386,369,0,0,0,0,0,0,0,0,,,,,,,,,,,,,,,,,,
2026-05-14 22:58:45,0,0,2847,621,0,0,0,0,1386,369,0,0,0,0,0,0,0,0,,,,,,,,,,,,,,,,,,
2026-05-14 22:58:45,0,0,2847,621,0,0,0,0,1386,369,0,0,0,0,0,0,0,0,,,,,,,,,,,,,,,,,,
2026-05-14 22:58:45,0,0,2847,621,0,0,0,0,1386,369,0,0,0,0,0,0,0,0,,,,,,,,,,,,,,,,,,
2026-05-14 22:58:45,0,0,2847,621,0,0,0,0,1386,369,0,0,0,0,0,0,0,0,,,,,,,,,,,,,,,,,,
2026-05-14 22:58:45,0,0,2847,621,0,0,0,0,1386,369,0,0,0,0,0,0,0,0,,,,,,,,,,,,,,,,,,
2026-05-14 22:58:45,0,0,2847,621,0,0,0,0,1386,369,0,0,0,0,0,0,0,0,,,,,,,,,,,,,,,,,,
2026-05-14 22:58:45,0,0,2847,621,0,0,0,0,1386,369,0,0,0,0,0,0,0,0,,,,,,,,,,,,,,,,,,
2026-05-14 22:58:45,0,0,2847,621,0,0,0,0,1386,369,0,0,0,0,0,0,0,0,,,,,,,,,,,,,,,,,,
2026-05-14 22:58:45,0,0,2847,621,0,0,0,0,1386,369,0,0,0,0,0,0,0,0,,,,,,,,,,,,,,,,,,
2026-05-14 22:58:45,0,0,2847,621,0,0,0,0,1386,369,0,0,0,0,0,0,0,0,,,,,,,,,,,,,,,,,,
2026-05-14 22:58:45,0,0,2847,621,0,0,0,0,1386,369,0,0,0,0,0,0,0,0,,,,,,,,,,,,,,,,,,
2026-05-14 22:58:45,0,0,2847,621,0,0,0,0,1386,369,0,0,0,0,0,0,0,0,,,,,,,,,,,,,,,,,,
2026-05-14 22:58:45,0,0,2847,621,0,0,0,0,1386,369,0,0,0,0,0,0,0,0,,,,,,,,,,,,,,,,,,
2026-05-14 22:58:46,0,0,2847,621,0,0,0,0,1386,369,0,0,0,0,0,0,0,0,,,,,,,,,,,,,,,,,,
2026-05-14 22:58:46,0,0,2847,621,0,0,0,0,1386,369,0,0,0,0,0,0,0,0,,,,,,,,,,,,,,,,,,
2026-05-14 22:58:46,0,0,2847,621,0,0,0,0,1386,369,0,0,0,0,0,0,0,0,,,,,,,,,,,,,,,,,,
2026-05-14 22:58:46,0,0,2847,621,0,0,0,0,1386,369,0,0,0,0,0,0,0,0,,,,,,,,,,,,,,,,,,
2026-05-14 22:58:46,0,0,2847,621,0,0,0,0,1386,369,0,0,0,0,0,0,0,0,,,,,,,,,,,,,,,,,,
2026-05-14 22:58:46,0,0,2847,621,0,0,0,0,1386,369,0,0,0,0,0,0,0,0,,,,,,,,,,,,,,,,,,
2026-05-14 22:58:46,0,0,2847,621,0,0,0,0,1386,369,0,0,0,0,0,0,0,0,,,,,,,,,,,,,,,,,,
2026-05-14 22:58:46,0,0,2847,621,0,0,0,0,1386,369,0,0,0,0,0,0,0,0,,,,,,,,,,,,,,,,,,
2026-05-14 22:58:46,0,0,2847,621,0,0,0,0,1386,369,0,0,0,0,0,0,0,0,,,,,,,,,,,,,,,,,,
2026-05-14 22:58:46,0,0,2847,621,0,0,0,0,1386,369,0,0,0,0,0,0,0,0,,,,,,,,,,,,,,,,,,
2026-05-14 22:58:46,0,0,2847,621,0,0,0,0,1386,369,0,0,0,0,0,0,0,0,,,,,,,,,,,,,,,,,,
2026-05-14 22:58:46,0,0,2847,621,0,0,0,0,1386,369,0,0,0,0,0,0,0,0,,,,,,,,,,,,,,,,,,
2026-05-14 22:58:46,0,0,2847,621,0,0,0,0,1386,369,0,0,0,0,0,0,0,0,,,,,,,,,,,,,,,,,,
2026-05-14 22:58:46,0,0,2847,621,0,0,0,0,1386,369,0,0,0,0,0,0,0,0,,,,,,,,,,,,,,,,,,
2026-05-14 22:58:46,0,0,2847,621,0,0,0,0,1386,369,0,0,0,0,0,0,0,0,,,,,,,,,,,,,,,,,,
2026-05-14 22:58:46,0,0,2847,621,0,0,0,0,1386,369,0,0,0,0,0,0,0,0,,,,,,,,,,,,,,,,,,
2026-05-14 22:58:46,0,0,2847,621,0,0,0,0,1386,369,0,0,0,0,0,0,0,0,,,,,,,,,,,,,,,,,,
2026-05-14 22:58:46,0,0,2847,621,0,0,0,0,1386,369,0,0,0,0,0,0,0,0,,,,,,,,,,,,,,,,,,
2026-05-14 22:58:46,0,0,2847,621,0,0,0,0,1386,369,0,0,0,0,0,0,0,0,,,,,,,,,,,,,,,,,,
2026-05-14 22:58:46,0,0,2847,621,0,0,0,0,1386,369,0,0,0,0,0,0,0,0,,,,,,,,,,,,,,,,,,
2026-05-14 22:58:47,0,0,2847,621,0,0,0,0,1386,369,0,0,0,0,0,0,0,0,,,,,,,,,,,,,,,,,,
2026-05-14 22:58:47,0,0,2847,621,0,0,0,0,1386,369,0,0,0,0,0,0,0,0,,,,,,,,,,,,,,,,,,
2026-05-14 22:58:47,0,0,2847,621,0,0,0,0,1386,369,0,0,0,0,0,0,0,0,,,,,,,,,,,,,,,,,,
2026-05-14 22:58:47,0,0,2847,621,0,0,0,0,1386,369,0,0,0,0,0,0,0,0,,,,,,,,,,,,,,,,,,
2026-05-14 22:58:47,0,0,2847,621,0,0,0,0,1386,369,0,0,0,0,0,0,0,0,,,,,,,,,,,,,,,,,,
2026-05-14 22:58:47,0,0,2847,621,0,0,0,0,1386,369,0,0,0,0,0,0,0,0,,,,,,,,,,,,,,,,,,
2026-05-14 22:58:47,0,0,2847,621,0,0,0,0,1386,369,0,0,0,0,0,0,0,0,,,,,,,,,,,,,,,,,,
2026-05-14 22:58:47,0,0,2847,621,0,0,0,0,1386,369,0,0,0,0,0,0,0,0,,,,,,,,,,,,,,,,,,
2026-05-14 22:58:47,0,0,2847,621,0,0,0,0,1386,369,0,0,0,0,0,0,0,0,,,,,,,,,,,,,,,,,,
2026-05-14 22:58:47,0,0,2847,621,0,0,0,0,1386,369,0,0,0,0,0,0,0,0,,,,,,,,,,,,,,,,,,
2026-05-14 22:58:47,0,0,2847,621,0,0,0,0,1386,369,0,0,0,0,0,0,0,0,,,,,,,,,,,,,,,,,,
2026-05-14 22:58:47,0,0,2847,621,0,0,0,0,1386,369,0,0,0,0,0,0,0,0,,,,,,,,,,,,,,,,,,
2026-05-14 22:58:47,0,0,2847,621,0,0,0,0,1386,369,0,0,0,0,0,0,0,0,,,,,,,,,,,,,,,,,,
2026-05-14 22:58:47,0,0,2847,621,0,0,0,0,1386,369,0,0,0,0,0,0,0,0,,,,,,,,,,,,,,,,,,
2026-05-14 22:58:47,0,0,2847,621,0,0,0,0,1386,369,0,0,0,0,0,0,0,0,,,,,,,,,,,,,,,,,,
2026-05-14 22:58:47,0,0,2847,621,0,0,0,0,1386,369,0,0,0,0,0,0,0,0,,,,,,,,,,,,,,,,,,
2026-05-14 22:58:47,0,0,2847,621,0,0,0,0,1386,369,0,0,0,0,0,0,0,0,,,,,,,,,,,,,,,,,,
2026-05-14 22:58:47,0,0,2847,621,0,0,0,0,1386,369,0,0,0,0,0,0,0,0,,,,,,,,,,,,,,,,,,
2026-05-14 22:58:47,0,0,2847,621,0,0,0,0,1386,369,0,0,0,0,0,0,0,0,,,,,,,,,,,,,,,,,,
2026-05-14 22:58:47,0,0,2847,621,0,0,0,0,1386,369,0,0,0,0,0,0,0,0,,,,,,,,,,,,,,,,,,
2026-05-14 22:58:48,0,0,2847,621,0,0,0,0,1386,369,0,0,0,0,0,0,0,0,,,,,,,,,,,,,,,,,,
2026-05-14 22:58:48,0,0,2847,621,0,0,0,0,1386,369,0,0,0,0,0,0,0,0,,,,,,,,,,,,,,,,,,
2026-05-14 22:58:48,0,0,2847,621,0,0,0,0,1386,369,0,0,0,0,0,0,0,0,,,,,,,,,,,,,,,,,,
2026-05-14 22:58:48,0,0,2847,621,0,0,0,0,1386,369,0,0,0,0,0,0,0,0,,,,,,,,,,,,,,,,,,
2026-05-14 22:58:48,0,0,2847,621,0,0,0,0,1386,369,0,0,0,0,0,0,0,0,,,,,,,,,,,,,,,,,,
2026-05-14 22:58:48,0,0,2847,621,0,0,0,0,1386,369,0,0,0,0,0,0,0,0,,,,,,,,,,,,,,,,,,
2026-05-14 22:58:48,0,0,2847,621,0,0,0,0,1386,369,0,0,0,0,0,0,0,0,,,,,,,,,,,,,,,,,,
2026-05-14 22:58:48,0,0,2847,621,0,0,0,0,1386,369,0,0,0,0,0,0,0,0,,,,,,,,,,,,,,,,,,
2026-05-14 22:58:48,0,0,2847,621,0,0,0,0,1386,369,0,0,0,0,0,0,0,0,,,,,,,,,,,,,,,,,,
2026-05-14 22:58:48,0,0,2847,621,0,0,0,0,1386,369,0,0,0,0,0,0,0,0,,,,,,,,,,,,,,,,,,
2026-05-14 22:58:48,0,0,2847,621,0,0,0,0,1386,369,0,0,0,0,0,0,0,0,,,,,,,,,,,,,,,,,,
2026-05-14 22:58:48,0,0,2847,621,0,0,0,0,1386,369,0,0,0,0,0,0,0,0,,,,,,,,,,,,,,,,,,
2026-05-14 22:58:48,0,0,2847,621,0,0,0,0,1386,369,0,0,0,0,0,0,0,0,,,,,,,,,,,,,,,,,,
2026-05-14 22:58:48,0,0,2847,621,0,0,0,0,1386,369,0,0,0,0,0,0,0,0,,,,,,,,,,,,,,,,,,
2026-05-14 22:58:48,0,0,2847,621,0,0,0,0,1386,369,0,0,0,0,0,0,0,0,,,,,,,,,,,,,,,,,,
2026-05-14 22:58:48,0,0,2847,621,0,0,0,0,1386,369,0,0,0,0,0,0,0,0,,,,,,,,,,,,,,,,,,
2026-05-14 22:58:48,0,0,2847,621,0,0,0,0,1386,369,0,0,0,0,0,0,0,0,,,,,,,,,,,,,,,,,,
2026-05-14 22:58:48,0,0,2847,621,0,0,0,0,1386,369,0,0,0,0,0,0,0,0,,,,,,,,,,,,,,,,,,
2026-05-14 22:58:48,0,0,2847,621,0,0,0,0,1386,369,0,0,0,0,0,0,0,0,,,,,,,,,,,,,,,,,,
2026-05-14 22:58:48,0,0,2847,621,0,0,0,0,1386,369,0,0,0,0,0,0,0,0,,,,,,,,,,,,,,,,,,
2026-05-14 22:58:49,0,0,2847,621,0,0,0,0,1386,369,0,0,0,0,0,0,0,0,,,,,,,,,,,,,,,,,,
2026-05-14 22:58:49,0,0,2847,621,0,0,0,0,1386,369,0,0,0,0,0,0,0,0,,,,,,,,,,,,,,,,,,
2026-05-14 22:58:49,0,0,2847,621,0,0,0,0,1386,369,0,0,0,0,0,0,0,0,,,,,,,,,,,,,,,,,,
2026-05-14 22:58:49,0,0,2847,621,0,0,0,0,1386,369,0,0,0,0,0,0,0,0,,,,,,,,,,,,,,,,,,
2026-05-14 22:58:49,0,0,2847,621,0,0,0,0,1386,369,0,0,0,0,0,0,0,0,,,,,,,,,,,,,,,,,,
2026-05-14 22:58:49,0,0,2847,621,0,0,0,0,1386,369,0,0,0,0,0,0,0,0,,,,,,,,,,,,,,,,,,
2026-05-14 22:58:49,0,0,2847,621,0,0,0,0,1386,369,0,0,0,0,0,0,0,0,,,,,,,,,,,,,,,,,,
2026-05-14 22:58:49,0,0,2847,621,0,0,0,0,1386,369,0,0,0,0,0,0,0,0,,,,,,,,,,,,,,,,,,
2026-05-14 22:58:49,0,0,2847,621,0,0,0,0,1386,369,0,0,0,0,0,0,0,0,,,,,,,,,,,,,,,,,,
2026-05-14 22:58:49,0,0,2847,621,0,0,0,0,1386,369,0,0,0,0,0,0,0,0,,,,,,,,,,,,,,,,,,
2026-05-14 22:58:49,0,0,2847,621,0,0,0,0,1386,369,0,0,0,0,0,0,0,0,,,,,,,,,,,,,,,,,,
2026-05-14 22:58:49,0,0,2847,621,0,0,0,0,1386,369,0,0,0,0,0,0,0,0,,,,,,,,,,,,,,,,,,
2026-05-14 22:58:49,0,0,2847,621,0,0,0,0,1386,369,0,0,0,0,0,0,0,0,,,,,,,,,,,,,,,,,,
2026-05-14 22:58:49,0,0,2847,621,0,0,0,0,1386,369,0,0,0,0,0,0,0,0,,,,,,,,,,,,,,,,,,
2026-05-14 22:58:49,0,0,2847,621,0,0,0,0,1386,369,0,0,0,0,0,0,0,0,,,,,,,,,,,,,,,,,,
2026-05-14 22:58:49,0,0,2847,621,0,0,0,0,1386,369,0,0,0,0,0,0,0,0,,,,,,,,,,,,,,,,,,
2026-05-14 22:58:49,0,0,2847,621,0,0,0,0,1386,369,0,0,0,0,0,0,0,0,,,,,,,,,,,,,,,,,,
2026-05-14 22:58:49,0,0,2847,621,0,0,0,0,1386,369,0,0,0,0,0,0,0,0,,,,,,,,,,,,,,,,,,
2026-05-14 22:58:49,0,0,2847,621,0,0,0,0,1386,369,0,0,0,0,0,0,0,0,,,,,,,,,,,,,,,,,,
2026-05-14 22:58:49,0,0,2847,621,0,0,0,0,1386,369,0,0,0,0,0,0,0,0,,,,,,,,,,,,,,,,,,
2026-05-14 22:58:50,0,0,2847,621,0,0,0,0,1386,369,0,0,0,0,0,0,0,0,,,,,,,,,,,,,,,,,,
2026-05-14 22:58:50,0,0,2847,621,0,0,0,0,1386,369,0,0,0,0,0,0,0,0,,,,,,,,,,,,,,,,,,
2026-05-14 22:58:50,0,0,2847,621,0,0,0,0,1386,369,0,0,0,0,0,0,0,0,,,,,,,,,,,,,,,,,,
2026-05-14 22:58:50,0,0,2847,621,0,0,0,0,1386,369,0,0,0,0,0,0,0,0,,,,,,,,,,,,,,,,,,
2026-05-14 22:58:50,0,0,2847,621,0,0,0,0,1386,369,0,0,0,0,0,0,0,0,,,,,,,,,,,,,,,,,,
2026-05-14 22:58:50,0,0,2847,621,0,0,0,0,1386,369,0,0,0,0,0,0,0,0,,,,,,,,,,,,,,,,,,
2026-05-14 22:58:50,0,0,2847,621,0,0,0,0,1386,369,0,0,0,0,0,0,0,0,,,,,,,,,,,,,,,,,,
2026-05-14 22:58:50,0,0,2847,621,0,0,0,0,1386,369,0,0,0,0,0,0,0,0,,,,,,,,,,,,,,,,,,
2026-05-14 22:58:50,0,0,2847,621,0,0,0,0,1386,369,0,0,0,0,0,0,0,0,,,,,,,,,,,,,,,,,,
2026-05-14 22:58:50,0,0,2847,621,0,0,0,0,1386,369,0,0,0,0,0,0,0,0,,,,,,,,,,,,,,,,,,
2026-05-14 22:58:50,0,0,2847,621,0,0,0,0,1386,369,0,0,0,0,0,0,0,0,,,,,,,,,,,,,,,,,,
2026-05-14 22:58:50,0,0,2847,621,0,0,0,0,1386,369,0,0,0,0,0,0,0,0,,,,,,,,,,,,,,,,,,
2026-05-14 22:58:50,0,0,2847,621,0,0,0,0,1386,369,0,0,0,0,0,0,0,0,,,,,,,,,,,,,,,,,,
2026-05-14 22:58:50,0,0,2847,621,0,0,0,0,1386,369,0,0,0,0,0,0,0,0,,,,,,,,,,,,,,,,,,
2026-05-14 22:58:50,0,0,2847,621,0,0,0,0,1386,369,0,0,0,0,0,0,0,0,,,,,,,,,,,,,,,,,,
2026-05-14 22:58:50,0,0,2847,621,0,0,0,0,1386,369,0,0,0,0,0,0,0,0,,,,,,,,,,,,,,,,,,
2026-05-14 22:58:50,0,0,2847,621,0,0,0,0,1386,369,0,0,0,0,0,0,0,0,,,,,,,,,,,,,,,,,,
2026-05-14 22:58:50,0,0,2847,621,0,0,0,0,1386,369,0,0,0,0,0,0,0,0,,,,,,,,,,,,,,,,,,
2026-05-14 22:58:50,0,0,2847,621,0,0,0,0,1386,369,0,0,0,0,0,0,0,0,,,,,,,,,,,,,,,,,,
2026-05-14 22:58:50,0,0,2847,621,0,0,0,0,1386,369,0,0,0,0,0,0,0,0,,,,,,,,,,,,,,,,,,
2026-05-14 22:58:51,0,0,2847,621,0,0,0,0,1386,369,0,0,0,0,0,0,0,0,,,,,,,,,,,,,,,,,,
2026-05-14 22:58:51,0,0,2847,621,0,0,0,0,1386,369,0,0,0,0,0,0,0,0,,,,,,,,,,,,,,,,,,
2026-05-14 22:58:51,0,0,2847,621,0,0,0,0,1386,369,0,0,0,0,0,0,0,0,,,,,,,,,,,,,,,,,,
2026-05-14 22:58:51,0,0,2847,621,0,0,0,0,1386,369,0,0,0,0,0,0,0,0,,,,,,,,,,,,,,,,,,
2026-05-14 22:58:51,0,0,2847,621,0,0,0,0,1386,369,0,0,0,0,0,0,0,0,,,,,,,,,,,,,,,,,,
2026-05-14 22:58:51,0,0,2847,621,0,0,0,0,1386,369,0,0,0,0,0,0,0,0,,,,,,,,,,,,,,,,,,
2026-05-14 22:58:51,0,0,2847,621,0,0,0,0,1386,369,0,0,0,0,0,0,0,0,,,,,,,,,,,,,,,,,,
